,CSK,SEN,IoU,geometry
0,1257747,S1A_IW_SLC__1SDV_20191202T163314_20191202T163341_030172_0372A4_BE19,0.0,"MULTIPOLYGON (((18.994741 42.252789, 18.560352 43.871471, 21.750288 44.27169, 22.098324 42.65320999999999, 18.994741 42.252789)), ((17.54677 40.112141, 17.07169 40.178596, 17.310631 41.171963, 17.79281 41.105522, 17.54677 40.112141)))"
1,1266369,S1B_IW_SLC__1SDV_20191218T164903_20191218T164930_019422_024B06_90DE,0.0,"MULTIPOLYGON (((14.813063 42.453152, 14.375051 44.077351, 17.589483 44.479431, 17.939592 42.85537, 14.813063 42.453152)), ((17.535191 40.114166, 17.060129 40.180786, 17.2992 41.174686, 17.781361 41.108074, 17.535191 40.114166)))"
2,1266369,S1B_IW_SLC__1SDV_20191218T164838_20191218T164905_019422_024B06_CFF8,0.0,"MULTIPOLYGON (((15.18493 40.959644, 14.758066 42.586014, 17.899773 42.989681, 18.244768 41.3638, 15.18493 40.959644)), ((17.535191 40.114166, 17.060129 40.180786, 17.2992 41.174686, 17.781361 41.108074, 17.535191 40.114166)))"
3,1266369,S1B_IW_SLC__1SDV_20191218T164813_20191218T164840_019422_024B06_271C,0.0968657835942242,"MULTIPOLYGON (((15.566743 39.469177, 15.150839 41.096081, 18.216772 41.500088, 18.556665 39.874023, 15.566743 39.469177)), ((17.535191 40.114166, 17.060129 40.180786, 17.2992 41.174686, 17.781361 41.108074, 17.535191 40.114166)))"
4,1266369,S1B_IW_SLC__1SDV_20191218T164747_20191218T164815_019422_024B06_AB04,0.0,"MULTIPOLYGON (((15.950139 37.92557100000001, 15.531186 39.605228, 18.52774 40.010082, 18.873877 38.331619, 15.950139 37.92557100000001)), ((17.535191 40.114166, 17.060129 40.180786, 17.2992 41.174686, 17.781361 41.108074, 17.535191 40.114166)))"
5,1275943,S1A_IW_SLC__1SDV_20200124T164139_20200124T164206_030945_038D7F_249B,0.0,"MULTIPOLYGON (((16.728758 43.020885, 16.28792 44.638386, 19.525482 45.039207, 19.876478 43.421703, 16.728758 43.020885)), ((19.576324 41.121147, 19.10013 41.188286, 19.19902 41.587158, 19.678347 41.51997, 19.576324 41.121147)))"
6,1275943,S1A_IW_SLC__1SDV_20200124T164114_20200124T164141_030945_038D7F_20BB,0.0,"MULTIPOLYGON (((17.131933 41.532372, 16.703621 43.15134, 19.854191 43.551407, 20.199234 41.932835, 17.131933 41.532372)), ((19.576324 41.121147, 19.10013 41.188286, 19.19902 41.587158, 19.678347 41.51997, 19.576324 41.121147)))"
7,1275943,S1A_IW_SLC__1SDV_20200124T164049_20200124T164116_030945_038D7F_BAD2,0.038855402519024154,"MULTIPOLYGON (((17.502289 40.039509, 17.084679 41.659752, 20.164133 42.06122199999999, 20.504253 40.441711, 17.502289 40.039509)), ((19.576324 41.121147, 19.10013 41.188286, 19.19902 41.587158, 19.678347 41.51997, 19.576324 41.121147)))"
8,1275943,S1A_IW_SLC__1SDV_20200124T164023_20200124T164051_030945_038D7F_41D5,0.0,"MULTIPOLYGON (((17.888947 38.489639, 17.46707 40.16832, 20.475988 40.570633, 20.823385 38.893047, 17.888947 38.489639)), ((19.576324 41.121147, 19.10013 41.188286, 19.19902 41.587158, 19.678347 41.51997, 19.576324 41.121147)))"
9,1278534,S1B_IW_SLC__1SDV_20200130T164057_20200130T164124_020049_025F07_833E,0.0,"MULTIPOLYGON (((16.731876 43.020596, 16.291069 44.638222, 19.521111 45.038166, 19.872284 43.420532, 16.731876 43.020596)), ((15.83691 39.382702, 15.366889 39.449482, 16.008221 42.110477, 16.49733 42.04361, 15.83691 39.382702)))"
10,1278534,S1B_IW_SLC__1SDV_20200130T164032_20200130T164059_020049_025F07_E789,0.0,"MULTIPOLYGON (((17.135315 41.531994, 16.707102 43.150845, 19.850212 43.550011, 20.195364 41.931557, 17.135315 41.531994)), ((15.83691 39.382702, 15.366889 39.449482, 16.008221 42.110477, 16.49733 42.04361, 15.83691 39.382702)))"
11,1278534,S1B_IW_SLC__1SDV_20200130T164006_20200130T164034_020049_025F07_B7CA,0.0,"MULTIPOLYGON (((17.520155 39.981701, 17.088179 41.658752, 20.160345 42.05932199999999, 20.512421 40.383038, 17.520155 39.981701)), ((15.83691 39.382702, 15.366889 39.449482, 16.008221 42.110477, 16.49733 42.04361, 15.83691 39.382702)))"
12,1278534,S1B_IW_SLC__1SDV_20200130T163941_20200130T164008_020049_025F07_B0E0,0.0,"MULTIPOLYGON (((17.891996 38.489605, 17.484945 40.110256, 20.484083 40.5117, 20.819504 38.892109, 17.891996 38.489605)), ((15.83691 39.382702, 15.366889 39.449482, 16.008221 42.110477, 16.49733 42.04361, 15.83691 39.382702)))"
13,1280633,S1B_IW_SLC__1SDV_20200204T164901_20200204T164928_020122_026163_6E28,0.0,"MULTIPOLYGON (((14.814297 42.452164, 14.376142 44.077118, 17.590467 44.479137, 17.940687 42.854324, 14.814297 42.452164)), ((17.54537 40.14323, 17.07015 40.210049, 17.300119 41.165848, 17.782169 41.099049, 17.54537 40.14323)))"
14,1280633,S1B_IW_SLC__1SDV_20200204T164836_20200204T164903_020122_026163_7771,0.0,"MULTIPOLYGON (((15.185922 40.959515, 14.759208 42.585529, 17.900784 42.989132, 18.245657 41.363613, 15.185922 40.959515)), ((17.54537 40.14323, 17.07015 40.210049, 17.300119 41.165848, 17.782169 41.099049, 17.54537 40.14323)))"
15,1280633,S1B_IW_SLC__1SDV_20200204T164811_20200204T164839_020122_026163_E4C1,0.09316414941280282,"MULTIPOLYGON (((15.567871 39.468296, 15.151988 41.095333, 18.217793 41.499283, 18.557665 39.873085, 15.567871 39.468296)), ((17.54537 40.14323, 17.07015 40.210049, 17.300119 41.165848, 17.782169 41.099049, 17.54537 40.14323)))"
16,1280633,S1B_IW_SLC__1SDV_20200204T164746_20200204T164814_020122_026163_D66C,0.0,"MULTIPOLYGON (((15.951255 37.924553, 15.532325 39.604347, 18.528748 40.009148, 18.874863 38.330551, 15.951255 37.924553)), ((17.54537 40.14323, 17.07015 40.210049, 17.300119 41.165848, 17.782169 41.099049, 17.54537 40.14323)))"
17,1310194,S1B_IW_SLC__1SDV_20200323T164901_20200323T164928_020822_0277BB_61A9,0.0,"MULTIPOLYGON (((14.81484 42.452419, 14.376866 44.077023, 17.591019 44.478973, 17.941097 42.854519, 14.81484 42.452419)), ((17.5375 40.138466, 17.0623 40.205189, 17.292299 41.160824, 17.77433 41.094112, 17.5375 40.138466)))"
18,1310194,S1B_IW_SLC__1SDV_20200323T164836_20200323T164903_020822_0277BB_F4EA,0.0,"MULTIPOLYGON (((15.186537 40.959263, 14.759836 42.585541, 17.901258 42.989079, 18.246124 41.3633, 15.186537 40.959263)), ((17.5375 40.138466, 17.0623 40.205189, 17.292299 41.160824, 17.77433 41.094112, 17.5375 40.138466)))"
19,1310194,S1B_IW_SLC__1SDV_20200323T164811_20200323T164838_020822_0277BB_5BCA,0.09318009558844352,"MULTIPOLYGON (((15.568316 39.468395, 15.152668 41.094837, 18.218311 41.498726, 18.557999 39.873131, 15.568316 39.468395)), ((17.5375 40.138466, 17.0623 40.205189, 17.292299 41.160824, 17.77433 41.094112, 17.5375 40.138466)))"
20,1310194,S1B_IW_SLC__1SDV_20200323T164745_20200323T164813_020822_0277BB_C56E,0.0,"MULTIPOLYGON (((15.951579 37.924889, 15.532907 39.603958, 18.52919 40.008698, 18.875097 38.33083, 15.951579 37.924889)), ((17.5375 40.138466, 17.0623 40.205189, 17.292299 41.160824, 17.77433 41.094112, 17.5375 40.138466)))"
21,1340348,S1B_IW_SLC__1SDV_20200510T164903_20200510T164930_021522_028DCF_1E27,0.0,"MULTIPOLYGON (((14.815294 42.452599, 14.377447 44.076599, 17.591206 44.478542, 17.941196 42.854683, 14.815294 42.452599)), ((17.54476 40.133686, 17.069559 40.200279, 17.29969 41.156349, 17.7817 41.089676, 17.54476 40.133686)))"
22,1340348,S1B_IW_SLC__1SDV_20200510T164838_20200510T164905_021522_028DCF_559E,0.0,"MULTIPOLYGON (((15.187173 40.95919, 14.760536 42.585117, 17.901533 42.988636, 18.246363 41.363209, 15.187173 40.95919)), ((17.54476 40.133686, 17.069559 40.200279, 17.29969 41.156349, 17.7817 41.089676, 17.54476 40.133686)))"
23,1340348,S1B_IW_SLC__1SDV_20200510T164813_20200510T164840_021522_028DCF_60B1,0.09318758148236753,"MULTIPOLYGON (((15.569003 39.468182, 15.153161 41.095257, 18.218437 41.499126, 18.558294 39.872898, 15.569003 39.468182)), ((17.54476 40.133686, 17.069559 40.200279, 17.29969 41.156349, 17.7817 41.089676, 17.54476 40.133686)))"
24,1340348,S1B_IW_SLC__1SDV_20200510T164747_20200510T164815_021522_028DCF_666A,0.0,"MULTIPOLYGON (((15.952308 37.92466, 15.533572 39.60387, 18.529465 40.008591, 18.875437 38.330582, 15.952308 37.92466)), ((17.54476 40.133686, 17.069559 40.200279, 17.29969 41.156349, 17.7817 41.089676, 17.54476 40.133686)))"
25,1367144,S1B_IW_SLC__1SDV_20200622T164101_20200622T164128_022149_02A09E_D81A,0.0,"MULTIPOLYGON (((16.734312 43.020443, 16.293688 44.637867, 19.523083 45.037651, 19.874117 43.420227, 16.734312 43.020443)), ((15.84664 39.391426, 15.376471 39.457836, 16.018669 42.122215, 16.507931 42.055592, 15.84664 39.391426)))"
26,1367144,S1B_IW_SLC__1SDV_20200622T164036_20200622T164103_022149_02A09E_AA0A,0.0,"MULTIPOLYGON (((17.137632 41.531803, 16.709528 43.150696, 19.852041 43.549709, 20.197113 41.931217, 17.137632 41.531803)), ((15.84664 39.391426, 15.376471 39.457836, 16.018669 42.122215, 16.507931 42.055592, 15.84664 39.391426)))"
27,1367144,S1B_IW_SLC__1SDV_20200622T164010_20200622T164038_022149_02A09E_5DE1,0.0,"MULTIPOLYGON (((17.522343 39.981468, 17.090443 41.658684, 20.162056 42.059109, 20.514078 40.382664, 17.522343 39.981468)), ((15.84664 39.391426, 15.376471 39.457836, 16.018669 42.122215, 16.507931 42.055592, 15.84664 39.391426)))"
28,1367144,S1B_IW_SLC__1SDV_20200622T163945_20200622T164012_022149_02A09E_90D6,0.0,"MULTIPOLYGON (((17.894146 38.489216, 17.487259 40.109657, 20.485912 40.510971, 20.821207 38.89159, 17.894146 38.489216)), ((15.84664 39.391426, 15.376471 39.457836, 16.018669 42.122215, 16.507931 42.055592, 15.84664 39.391426)))"
29,1398512,S1A_IW_SLC__1SDV_20200729T163319_20200729T163346_033672_03E70A_44D6,0.0,"MULTIPOLYGON (((18.995342 42.252995, 18.561142 43.871346, 21.750547 44.27145, 22.098442 42.653309, 18.995342 42.252995)), ((16.800131 40.492596, 16.313948 40.556736, 16.418142 41.005199, 16.902962 40.941696, 16.800131 40.492596)))"
30,1406727,S1B_IW_SLC__1SDV_20200809T164104_20200809T164131_022849_02B5FB_5F70,0.0,"MULTIPOLYGON (((16.732082 43.020218, 16.291319 44.637875, 19.520782 45.03774600000001, 19.871943 43.42009, 16.732082 43.020218)), ((15.83704 39.401531, 15.3668 39.467937, 15.999961 42.094288, 16.489 42.027637, 15.83704 39.401531)))"
31,1406727,S1B_IW_SLC__1SDV_20200809T164039_20200809T164106_022849_02B5FB_D4D5,0.0,"MULTIPOLYGON (((17.135464 41.531586, 16.707293 43.150467, 19.849861 43.549568, 20.195002 41.931087, 17.135464 41.531586)), ((15.83704 39.401531, 15.3668 39.467937, 15.999961 42.094288, 16.489 42.027637, 15.83704 39.401531)))"
32,1406727,S1B_IW_SLC__1SDV_20200809T164013_20200809T164041_022849_02B5FB_9605,0.0,"MULTIPOLYGON (((17.520205 39.981388, 17.088236 41.658588, 20.159914 42.05909699999999, 20.512005 40.382664, 17.520205 39.981388)), ((15.83704 39.401531, 15.3668 39.467937, 15.999961 42.094288, 16.489 42.027637, 15.83704 39.401531)))"
33,1406727,S1B_IW_SLC__1SDV_20200809T163948_20200809T164015_022849_02B5FB_E246,0.0,"MULTIPOLYGON (((17.89204 38.489269, 17.485025 40.109947, 20.483759 40.51134099999999, 20.819166 38.891727, 17.89204 38.489269)), ((15.83704 39.401531, 15.3668 39.467937, 15.999961 42.094288, 16.489 42.027637, 15.83704 39.401531)))"
34,1479132,S1B_IW_SLC__1SDV_20200926T164106_20200926T164133_023549_02CBDE_2735,0.0,"MULTIPOLYGON (((16.732063 43.021011, 16.291271 44.638664, 19.520943 45.038559, 19.872116 43.42090200000001, 16.732063 43.021011)), ((18.161591 42.403347, 17.634979 42.482052, 17.747641 42.922897, 18.267855 42.8456, 18.161591 42.403347)))"
35,1479132,S1B_IW_SLC__1SDV_20200926T164041_20200926T164108_023549_02CBDE_8123,0.0463087031201403,"MULTIPOLYGON (((17.135551 41.532143, 16.707291 43.151264, 19.850044 43.550385, 20.195248 41.931664, 17.135551 41.532143)), ((18.161591 42.403347, 17.634979 42.482052, 17.747641 42.922897, 18.267855 42.8456, 18.161591 42.403347)))"
36,1479132,S1B_IW_SLC__1SDV_20200926T164015_20200926T164043_023549_02CBDE_4D4F,0.0,"MULTIPOLYGON (((17.520414 39.981583, 17.088425 41.658775, 20.160242 42.059303, 20.512341 40.382874, 17.520414 39.981583)), ((18.161591 42.403347, 17.634979 42.482052, 17.747641 42.922897, 18.267855 42.8456, 18.161591 42.403347)))"
37,1479132,S1B_IW_SLC__1SDV_20200926T163950_20200926T164017_023549_02CBDE_FD6A,0.0,"MULTIPOLYGON (((17.89226 38.489468, 17.485353 40.10964600000001, 20.484118 40.511047, 20.819433 38.89193, 17.89226 38.489468)), ((18.161591 42.403347, 17.634979 42.482052, 17.747641 42.922897, 18.267855 42.8456, 18.161591 42.403347)))"
38,1481153,S1B_IW_SLC__1SDV_20200926T164106_20200926T164133_023549_02CBDE_2735,0.0,"MULTIPOLYGON (((16.732063 43.021011, 16.291271 44.638664, 19.520943 45.038559, 19.872116 43.42090200000001, 16.732063 43.021011)), ((15.840689 39.384747, 15.3706 39.451263, 16.012819 42.115028, 16.502001 42.048283, 15.840689 39.384747)))"
39,1481153,S1B_IW_SLC__1SDV_20200926T164041_20200926T164108_023549_02CBDE_8123,0.0,"MULTIPOLYGON (((17.135551 41.532143, 16.707291 43.151264, 19.850044 43.550385, 20.195248 41.931664, 17.135551 41.532143)), ((15.840689 39.384747, 15.3706 39.451263, 16.012819 42.115028, 16.502001 42.048283, 15.840689 39.384747)))"
40,1481153,S1B_IW_SLC__1SDV_20200926T164015_20200926T164043_023549_02CBDE_4D4F,0.0,"MULTIPOLYGON (((17.520414 39.981583, 17.088425 41.658775, 20.160242 42.059303, 20.512341 40.382874, 17.520414 39.981583)), ((15.840689 39.384747, 15.3706 39.451263, 16.012819 42.115028, 16.502001 42.048283, 15.840689 39.384747)))"
41,1481153,S1B_IW_SLC__1SDV_20200926T163950_20200926T164017_023549_02CBDE_FD6A,0.0,"MULTIPOLYGON (((17.89226 38.489468, 17.485353 40.10964600000001, 20.484118 40.511047, 20.819433 38.89193, 17.89226 38.489468)), ((15.840689 39.384747, 15.3706 39.451263, 16.012819 42.115028, 16.502001 42.048283, 15.840689 39.384747)))"
42,1571718,S1A_IW_SLC__1SDV_20201102T163321_20201102T163348_035072_041796_2904,0.0,"MULTIPOLYGON (((18.995737 42.25281500000001, 18.561483 43.871262, 21.751352 44.27141599999999, 22.099272 42.653172, 18.995737 42.25281500000001)), ((18.151239 39.684223, 17.68788 39.752647, 17.9492 40.795181, 18.419689 40.72665, 18.151239 39.684223)))"
43,1599279,S1B_IW_SLC__1SDV_20201113T164106_20201113T164133_024249_02E1AF_E6D5,0.0,"MULTIPOLYGON (((16.732323 43.021038, 16.291599 44.63842, 19.521675 45.038349, 19.872774 43.420963, 16.732323 43.021038)), ((18.168289 42.397747, 17.642361 42.476505, 17.751747 42.916336, 18.273254 42.838654, 18.168289 42.397747)))"
44,1599279,S1B_IW_SLC__1SDV_20201113T164041_20201113T164108_024249_02E1AF_257C,0.046188210916303145,"MULTIPOLYGON (((17.135752 41.532436, 16.707556 43.151291, 19.85063 43.550434, 20.195765 41.931976, 17.135752 41.532436)), ((18.168289 42.397747, 17.642361 42.476505, 17.751747 42.916336, 18.273254 42.838654, 18.168289 42.397747)))"
45,1599279,S1B_IW_SLC__1SDV_20201113T164015_20201113T164043_024249_02E1AF_9E94,0.0,"MULTIPOLYGON (((17.520601 39.982151, 17.088612 41.65932100000001, 20.160736 42.059868, 20.512823 40.383457, 17.520601 39.982151)), ((18.168289 42.397747, 17.642361 42.476505, 17.751747 42.916336, 18.273254 42.838654, 18.168289 42.397747)))"
46,1599279,S1B_IW_SLC__1SDV_20201113T163950_20201113T164017_024249_02E1AF_5934,0.0,"MULTIPOLYGON (((17.892467 38.489799, 17.485498 40.110207, 20.484652 40.511635, 20.820004 38.892292, 17.892467 38.489799)), ((18.168289 42.397747, 17.642361 42.476505, 17.751747 42.916336, 18.273254 42.838654, 18.168289 42.397747)))"
47,1601178,S1B_IW_SLC__1SDV_20201113T164106_20201113T164133_024249_02E1AF_E6D5,0.0,"MULTIPOLYGON (((16.732323 43.021038, 16.291599 44.63842, 19.521675 45.038349, 19.872774 43.420963, 16.732323 43.021038)), ((15.83621 39.327271, 15.36657 39.394119, 16.03063 42.149345, 16.52001 42.082394, 15.83621 39.327271)))"
48,1601178,S1B_IW_SLC__1SDV_20201113T164041_20201113T164108_024249_02E1AF_257C,0.0,"MULTIPOLYGON (((17.135752 41.532436, 16.707556 43.151291, 19.85063 43.550434, 20.195765 41.931976, 17.135752 41.532436)), ((15.83621 39.327271, 15.36657 39.394119, 16.03063 42.149345, 16.52001 42.082394, 15.83621 39.327271)))"
49,1601178,S1B_IW_SLC__1SDV_20201113T164015_20201113T164043_024249_02E1AF_9E94,0.0,"MULTIPOLYGON (((17.520601 39.982151, 17.088612 41.65932100000001, 20.160736 42.059868, 20.512823 40.383457, 17.520601 39.982151)), ((15.83621 39.327271, 15.36657 39.394119, 16.03063 42.149345, 16.52001 42.082394, 15.83621 39.327271)))"
50,1601178,S1B_IW_SLC__1SDV_20201113T163950_20201113T164017_024249_02E1AF_5934,0.0,"MULTIPOLYGON (((17.892467 38.489799, 17.485498 40.110207, 20.484652 40.511635, 20.820004 38.892292, 17.892467 38.489799)), ((15.83621 39.327271, 15.36657 39.394119, 16.03063 42.149345, 16.52001 42.082394, 15.83621 39.327271)))"
51,1722008,S1A_IW_SLC__1SDV_20210206T163318_20210206T163345_036472_04482E_60A9,0.0,"MULTIPOLYGON (((18.995214 42.252415, 18.560951 43.870731, 21.750826 44.27093499999999, 22.098761 42.652824, 18.995214 42.252415)), ((16.807474 40.488857, 16.320854 40.553219, 16.425442 41.003128, 16.910374 40.9394, 16.807474 40.488857)))"
52,1730645,S1B_IW_SLC__1SDV_20210217T164102_20210217T164129_025649_030EB1_0396,0.0,"MULTIPOLYGON (((16.731632 43.020378, 16.29084 44.637882, 19.520836 45.037849, 19.872004 43.420338, 16.731632 43.020378)), ((18.163839 42.401466, 17.63781 42.479996, 17.750536 42.921036, 18.271412 42.8437, 18.163839 42.401466)))"
53,1730645,S1B_IW_SLC__1SDV_20210217T164037_20210217T164104_025649_030EB1_3956,0.04633720207014151,"MULTIPOLYGON (((17.13505 41.531902, 16.706852 43.150627, 19.849848 43.549809, 20.194998 41.931477, 17.13505 41.531902)), ((18.163839 42.401466, 17.63781 42.479996, 17.750536 42.921036, 18.271412 42.8437, 18.163839 42.401466)))"
54,1730645,S1B_IW_SLC__1SDV_20210217T164012_20210217T164040_025649_030EB1_747B,0.0,"MULTIPOLYGON (((17.519884 39.981735, 17.087921 41.658661, 20.160059 42.059254, 20.512131 40.383091, 17.519884 39.981735)), ((18.163839 42.401466, 17.63781 42.479996, 17.750536 42.921036, 18.271412 42.8437, 18.163839 42.401466)))"
55,1730645,S1B_IW_SLC__1SDV_20210217T163947_20210217T164014_025649_030EB1_0C6C,0.0,"MULTIPOLYGON (((17.891792 38.489391, 17.484787 40.109795, 20.483963 40.511269, 20.819349 38.891926, 17.891792 38.489391)), ((18.163839 42.401466, 17.63781 42.479996, 17.750536 42.921036, 18.271412 42.8437, 18.163839 42.401466)))"
56,1731542,S1B_IW_SLC__1SDV_20210217T164102_20210217T164129_025649_030EB1_0396,0.0,"MULTIPOLYGON (((16.731632 43.020378, 16.29084 44.637882, 19.520836 45.037849, 19.872004 43.420338, 16.731632 43.020378)), ((15.836791 39.352169, 15.366901 39.41864, 16.02219 42.137096, 16.511539 42.070404, 15.836791 39.352169)))"
57,1731542,S1B_IW_SLC__1SDV_20210217T164037_20210217T164104_025649_030EB1_3956,0.0,"MULTIPOLYGON (((17.13505 41.531902, 16.706852 43.150627, 19.849848 43.549809, 20.194998 41.931477, 17.13505 41.531902)), ((15.836791 39.352169, 15.366901 39.41864, 16.02219 42.137096, 16.511539 42.070404, 15.836791 39.352169)))"
58,1731542,S1B_IW_SLC__1SDV_20210217T164012_20210217T164040_025649_030EB1_747B,0.0,"MULTIPOLYGON (((17.519884 39.981735, 17.087921 41.658661, 20.160059 42.059254, 20.512131 40.383091, 17.519884 39.981735)), ((15.836791 39.352169, 15.366901 39.41864, 16.02219 42.137096, 16.511539 42.070404, 15.836791 39.352169)))"
59,1731542,S1B_IW_SLC__1SDV_20210217T163947_20210217T164014_025649_030EB1_0C6C,0.0,"MULTIPOLYGON (((17.891792 38.489391, 17.484787 40.109795, 20.483963 40.511269, 20.819349 38.891926, 17.891792 38.489391)), ((15.836791 39.352169, 15.366901 39.41864, 16.02219 42.137096, 16.511539 42.070404, 15.836791 39.352169)))"
60,1796326,S1B_IW_SLC__1SDV_20210411T164907_20210411T164934_026422_03277C_F36A,0.0,"MULTIPOLYGON (((14.815133 42.453064, 14.377315 44.077065, 17.591228 44.478992, 17.941191 42.855137, 14.815133 42.453064)), ((16.808123 40.511539, 16.323612 40.575359, 16.416777 40.986603, 16.902256 40.923103, 16.808123 40.511539)))"
61,1796326,S1B_IW_SLC__1SDV_20210411T164842_20210411T164909_026422_03277C_0C75,0.0,"MULTIPOLYGON (((15.187105 40.959415, 14.760433 42.585587, 17.901602 42.989098, 18.246452 41.363426, 15.187105 40.959415)), ((16.808123 40.511539, 16.323612 40.575359, 16.416777 40.986603, 16.902256 40.923103, 16.808123 40.511539)))"
62,1796326,S1B_IW_SLC__1SDV_20210411T164818_20210411T164845_026422_03277C_763A,0.04047264681616466,"MULTIPOLYGON (((15.568888 39.468536, 15.153074 41.095608, 18.21847 41.499466, 18.558298 39.873238, 15.568888 39.468536)), ((16.808123 40.511539, 16.323612 40.575359, 16.416777 40.986603, 16.902256 40.923103, 16.808123 40.511539)))"
63,1796326,S1B_IW_SLC__1SDV_20210411T164752_20210411T164820_026422_03277C_CF2D,0.0,"MULTIPOLYGON (((15.952309 37.924393, 15.533418 39.604343, 18.529438 40.009056, 18.875536 38.330303, 15.952309 37.924393)), ((16.808123 40.511539, 16.323612 40.575359, 16.416777 40.986603, 16.902256 40.923103, 16.808123 40.511539)))"
64,1269952,S1B_IW_SLC__1SDV_20200106T164058_20200106T164125_019699_0253DC_B38C,0.0,"MULTIPOLYGON (((16.732157 43.02084, 16.291378 44.63834, 19.52153 45.038292, 19.872673 43.420788, 16.732157 43.02084)), ((15.41369 36.410446, 14.966739 36.477173, 16.295349 42.013969, 16.778761 41.946877, 15.41369 36.410446)))"
65,1269952,S1B_IW_SLC__1SDV_20200106T164033_20200106T164100_019699_0253DC_7C5E,0.0,"MULTIPOLYGON (((17.135536 41.532494, 16.707384 43.151093, 19.850603 43.550266, 20.195702 41.932064, 17.135536 41.532494)), ((15.41369 36.410446, 14.966739 36.477173, 16.295349 42.013969, 16.778761 41.946877, 15.41369 36.410446)))"
66,1269952,S1B_IW_SLC__1SDV_20200106T164007_20200106T164035_019699_0253DC_829E,0.0,"MULTIPOLYGON (((17.520365 39.98246, 17.088318 41.659752, 20.160604 42.060326, 20.512732 40.38379699999999, 17.520365 39.98246)), ((15.41369 36.410446, 14.966739 36.477173, 16.295349 42.013969, 16.778761 41.946877, 15.41369 36.410446)))"
67,1269952,S1B_IW_SLC__1SDV_20200106T163942_20200106T164009_019699_0253DC_DB6B,0.0,"MULTIPOLYGON (((17.892202 38.49024199999999, 17.485241 40.110516, 20.484474 40.511967, 20.819817 38.89275, 17.892202 38.49024199999999)), ((15.41369 36.410446, 14.966739 36.477173, 16.295349 42.013969, 16.778761 41.946877, 15.41369 36.410446)))"
68,1273390,S1A_IW_SLC__1SDV_20200117T164942_20200117T165009_030843_0389F3_406D,0.0,"MULTIPOLYGON (((14.838472 42.403015, 14.402938 44.020977, 17.601992 44.421375, 17.950541 42.803577, 14.838472 42.403015)), ((15.54027 39.775837, 15.073171 39.84605, 15.69628 42.23526, 16.18042 42.164516, 15.54027 39.775837)))"
69,1273390,S1A_IW_SLC__1SDV_20200117T164918_20200117T164945_030843_0389F3_CDAB,0.10793356337061079,"MULTIPOLYGON (((15.213163 40.910099, 14.788989 42.529362, 17.914263 42.931087, 18.257507 41.31234, 15.213163 40.910099)), ((15.54027 39.775837, 15.073171 39.84605, 15.69628 42.23526, 16.18042 42.164516, 15.54027 39.775837)))"
70,1273390,S1A_IW_SLC__1SDV_20200117T164853_20200117T164920_030843_0389F3_6DF3,0.07901006428060688,"MULTIPOLYGON (((15.594029 39.419933, 15.180754 41.039474, 18.230894 41.441582, 18.569036 39.822899, 15.594029 39.419933)), ((15.54027 39.775837, 15.073171 39.84605, 15.69628 42.23526, 16.18042 42.164516, 15.54027 39.775837)))"
71,1273390,S1A_IW_SLC__1SDV_20200117T164827_20200117T164855_030843_0389F3_EC56,0.0,"MULTIPOLYGON (((15.978521 37.870144, 15.56069 39.548237, 18.541851 39.951199, 18.887457 38.274319, 15.978521 37.870144)), ((15.54027 39.775837, 15.073171 39.84605, 15.69628 42.23526, 16.18042 42.164516, 15.54027 39.775837)))"
72,1284895,S1A_IW_SLC__1SDV_20200212T163312_20200212T163339_031222_039723_92F9,0.0,"MULTIPOLYGON (((18.994909 42.252743, 18.560616 43.871185, 21.750475 44.271381, 22.098436 42.653145, 18.994909 42.252743)), ((17.820169 40.134651, 17.349859 40.20179, 17.533159 40.950897, 18.00869 40.883633, 17.820169 40.134651)))"
73,1290589,S1B_IW_SLC__1SDV_20200223T164056_20200223T164123_020399_026A5A_83F8,0.0,"MULTIPOLYGON (((16.732183 43.021061, 16.291487 44.638451, 19.521418 45.038342, 19.872499 43.420948, 16.732183 43.021061)), ((18.170441 42.433708, 17.644199 42.512451, 17.754284 42.951744, 18.265806 42.875683, 18.170441 42.433708)))"
74,1290589,S1B_IW_SLC__1SDV_20200223T164031_20200223T164058_020399_026A5A_E51A,0.045717211673007976,"MULTIPOLYGON (((17.135624 41.53233, 16.70742 43.151314, 19.850435 43.55043, 20.195576 41.931847, 17.135624 41.53233)), ((18.170441 42.433708, 17.644199 42.512451, 17.754284 42.951744, 18.265806 42.875683, 18.170441 42.433708)))"
75,1290589,S1B_IW_SLC__1SDV_20200223T164006_20200223T164034_020399_026A5A_EF0C,0.0,"MULTIPOLYGON (((17.520456 39.982037, 17.088524 41.659092, 20.16058 42.059612, 20.512617 40.38332, 17.520456 39.982037)), ((18.170441 42.433708, 17.644199 42.512451, 17.754284 42.951744, 18.265806 42.875683, 18.170441 42.433708)))"
76,1290589,S1B_IW_SLC__1SDV_20200223T163941_20200223T164008_020399_026A5A_0086,0.0,"MULTIPOLYGON (((17.892263 38.489807, 17.485285 40.11034, 20.484394 40.511745, 20.819754 38.892273, 17.892263 38.489807)), ((18.170441 42.433708, 17.644199 42.512451, 17.754284 42.951744, 18.265806 42.875683, 18.170441 42.433708)))"
77,1290980,S1B_IW_SLC__1SDV_20200223T164056_20200223T164123_020399_026A5A_83F8,0.0,"MULTIPOLYGON (((16.732183 43.021061, 16.291487 44.638451, 19.521418 45.038342, 19.872499 43.420948, 16.732183 43.021061)), ((15.407339 36.410137, 14.96045 36.477123, 16.290171 42.017563, 16.77351 41.950089, 15.407339 36.410137)))"
78,1290980,S1B_IW_SLC__1SDV_20200223T164031_20200223T164058_020399_026A5A_E51A,0.0,"MULTIPOLYGON (((17.135624 41.53233, 16.70742 43.151314, 19.850435 43.55043, 20.195576 41.931847, 17.135624 41.53233)), ((15.407339 36.410137, 14.96045 36.477123, 16.290171 42.017563, 16.77351 41.950089, 15.407339 36.410137)))"
79,1290980,S1B_IW_SLC__1SDV_20200223T164006_20200223T164034_020399_026A5A_EF0C,0.0,"MULTIPOLYGON (((17.520456 39.982037, 17.088524 41.659092, 20.16058 42.059612, 20.512617 40.38332, 17.520456 39.982037)), ((15.407339 36.410137, 14.96045 36.477123, 16.290171 42.017563, 16.77351 41.950089, 15.407339 36.410137)))"
80,1290980,S1B_IW_SLC__1SDV_20200223T163941_20200223T164008_020399_026A5A_0086,0.0,"MULTIPOLYGON (((17.892263 38.489807, 17.485285 40.11034, 20.484394 40.511745, 20.819754 38.892273, 17.892263 38.489807)), ((15.407339 36.410137, 14.96045 36.477123, 16.290171 42.017563, 16.77351 41.950089, 15.407339 36.410137)))"
81,1294608,S1B_IW_SLC__1SDV_20200228T164900_20200228T164927_020472_026CA3_5378,0.0,"MULTIPOLYGON (((14.814816 42.452339, 14.376629 44.077419, 17.590939 44.47945, 17.941191 42.854511, 14.814816 42.452339)), ((17.8276 40.134178, 17.357321 40.201427, 17.54047 40.949749, 18.015989 40.882427, 17.8276 40.134178)))"
82,1294608,S1B_IW_SLC__1SDV_20200228T164836_20200228T164903_020472_026CA3_C496,0.0,"MULTIPOLYGON (((15.186522 40.959698, 14.759812 42.585716, 17.901337 42.989323, 18.246214 41.3638, 15.186522 40.959698)), ((17.8276 40.134178, 17.357321 40.201427, 17.54047 40.949749, 18.015989 40.882427, 17.8276 40.134178)))"
83,1294608,S1B_IW_SLC__1SDV_20200228T164811_20200228T164838_020472_026CA3_A4C0,0.07216612914606546,"MULTIPOLYGON (((15.56844 39.468597, 15.152658 41.09527199999999, 18.218401 41.499226, 18.558201 39.873394, 15.56844 39.468597)), ((17.8276 40.134178, 17.357321 40.201427, 17.54047 40.949749, 18.015989 40.882427, 17.8276 40.134178)))"
84,1294608,S1B_IW_SLC__1SDV_20200228T164745_20200228T164813_020472_026CA3_AD2B,0.0,"MULTIPOLYGON (((15.951789 37.924976, 15.532891 39.604649, 18.52928 40.009457, 18.875374 38.330978, 15.951789 37.924976)), ((17.8276 40.134178, 17.357321 40.201427, 17.54047 40.949749, 18.015989 40.882427, 17.8276 40.134178)))"
85,1298459,S1A_IW_SLC__1SDV_20200305T164942_20200305T165009_031543_03A245_04A8,0.0,"MULTIPOLYGON (((14.839221 42.403587, 14.403723 44.02169, 17.602594 44.422005, 17.951111 42.804066, 14.839221 42.403587)), ((15.54341 39.771385, 15.076409 39.841885, 15.70546 42.252792, 16.18965 42.181732, 15.54341 39.771385)))"
86,1298459,S1A_IW_SLC__1SDV_20200305T164917_20200305T164944_031543_03A245_174E,0.10931005566137664,"MULTIPOLYGON (((15.213836 40.910778, 14.789696 42.530186, 17.914717 42.931816, 18.257933 41.312927, 15.213836 40.910778)), ((15.54341 39.771385, 15.076409 39.841885, 15.70546 42.252792, 16.18965 42.181732, 15.54341 39.771385)))"
87,1298459,S1A_IW_SLC__1SDV_20200305T164852_20200305T164919_031543_03A245_6C12,0.0795657643426289,"MULTIPOLYGON (((15.594738 39.420223, 15.181465 41.040031, 18.23143 41.442059, 18.569567 39.823112, 15.594738 39.420223)), ((15.54341 39.771385, 15.076409 39.841885, 15.70546 42.252792, 16.18965 42.181732, 15.54341 39.771385)))"
88,1298459,S1A_IW_SLC__1SDV_20200305T164826_20200305T164854_031543_03A245_57EF,0.0,"MULTIPOLYGON (((15.97932 37.869797, 15.561402 39.548527, 18.542385 39.951412, 18.888063 38.273895, 15.97932 37.869797)), ((15.54341 39.771385, 15.076409 39.841885, 15.70546 42.252792, 16.18965 42.181732, 15.54341 39.771385)))"
89,1314154,S1A_IW_SLC__1SDV_20200331T163312_20200331T163339_031922_03AF7D_CAE2,0.0,"MULTIPOLYGON (((18.994818 42.252773, 18.560579 43.871105, 21.750237 44.271297, 22.098169 42.653168, 18.994818 42.252773)), ((17.82163 40.138466, 17.351299 40.205574, 17.534731 40.954765, 18.010309 40.88755, 17.82163 40.138466)))"
90,1322026,S1B_IW_SLC__1SDV_20200411T164057_20200411T164124_021099_02808C_5D94,0.0,"MULTIPOLYGON (((16.732826 43.020569, 16.292099 44.638111, 19.5215 45.037964, 19.872629 43.42042199999999, 16.732826 43.020569)), ((18.165649 42.43293, 17.63941 42.51165, 17.749758 42.951672, 18.259405 42.875885, 18.165649 42.43293)))"
91,1322026,S1B_IW_SLC__1SDV_20200411T164032_20200411T164059_021099_02808C_3301,0.045723169025109145,"MULTIPOLYGON (((17.136209 41.531937, 16.708075 43.1507, 19.850578 43.549782, 20.195688 41.931419, 17.136209 41.531937)), ((18.165649 42.43293, 17.63941 42.51165, 17.749758 42.951672, 18.259405 42.875885, 18.165649 42.43293)))"
92,1322026,S1B_IW_SLC__1SDV_20200411T164006_20200411T164034_021099_02808C_8B32,0.0,"MULTIPOLYGON (((17.521008 39.981613, 17.08901 41.658943, 20.160618 42.059433, 20.51273 40.38287, 17.521008 39.981613)), ((18.165649 42.43293, 17.63941 42.51165, 17.749758 42.951672, 18.259405 42.875885, 18.165649 42.43293)))"
93,1322026,S1B_IW_SLC__1SDV_20200411T163942_20200411T164009_021099_02808C_CC94,0.0,"MULTIPOLYGON (((17.892841 38.489365, 17.485897 40.109798, 20.484621 40.511185, 20.819971 38.891811, 17.892841 38.489365)), ((18.165649 42.43293, 17.63941 42.51165, 17.749758 42.951672, 18.259405 42.875885, 18.165649 42.43293)))"
94,1322503,S1B_IW_SLC__1SDV_20200411T164057_20200411T164124_021099_02808C_5D94,0.0,"MULTIPOLYGON (((16.732826 43.020569, 16.292099 44.638111, 19.5215 45.037964, 19.872629 43.42042199999999, 16.732826 43.020569)), ((15.404019 36.418354, 14.95711 36.485451, 16.28688 42.022552, 16.77025 41.95509, 15.404019 36.418354)))"
95,1322503,S1B_IW_SLC__1SDV_20200411T164032_20200411T164059_021099_02808C_3301,0.0,"MULTIPOLYGON (((17.136209 41.531937, 16.708075 43.1507, 19.850578 43.549782, 20.195688 41.931419, 17.136209 41.531937)), ((15.404019 36.418354, 14.95711 36.485451, 16.28688 42.022552, 16.77025 41.95509, 15.404019 36.418354)))"
96,1322503,S1B_IW_SLC__1SDV_20200411T164006_20200411T164034_021099_02808C_8B32,0.0,"MULTIPOLYGON (((17.521008 39.981613, 17.08901 41.658943, 20.160618 42.059433, 20.51273 40.38287, 17.521008 39.981613)), ((15.404019 36.418354, 14.95711 36.485451, 16.28688 42.022552, 16.77025 41.95509, 15.404019 36.418354)))"
97,1322503,S1B_IW_SLC__1SDV_20200411T163942_20200411T164009_021099_02808C_CC94,0.0,"MULTIPOLYGON (((17.892841 38.489365, 17.485897 40.109798, 20.484621 40.511185, 20.819971 38.891811, 17.892841 38.489365)), ((15.404019 36.418354, 14.95711 36.485451, 16.28688 42.022552, 16.77025 41.95509, 15.404019 36.418354)))"
98,1329574,S1A_IW_SLC__1SDV_20200422T164943_20200422T165010_032243_03BACF_23E6,0.0,"MULTIPOLYGON (((14.840972 42.403091, 14.405602 44.021099, 17.604107 44.421291, 17.95252 42.803452, 14.840972 42.403091)), ((15.53581 39.783981, 15.068731 39.854523, 15.69314 42.247078, 16.17728 42.176014, 15.53581 39.783981)))"
99,1329574,S1A_IW_SLC__1SDV_20200422T164918_20200422T164945_032243_03BACF_BDD7,0.10910467585981208,"MULTIPOLYGON (((15.215269 40.911118, 14.791409 42.529812, 17.916176 42.931335, 18.259161 41.313164, 15.215269 40.911118)), ((15.53581 39.783981, 15.068731 39.854523, 15.69314 42.247078, 16.17728 42.176014, 15.53581 39.783981)))"
100,1329574,S1A_IW_SLC__1SDV_20200422T164853_20200422T164920_032243_03BACF_7752,0.07743972789939722,"MULTIPOLYGON (((15.596158 39.420292, 15.182966 41.04012700000001, 18.232637 41.442039, 18.570707 39.823071, 15.596158 39.420292)), ((15.53581 39.783981, 15.068731 39.854523, 15.69314 42.247078, 16.17728 42.176014, 15.53581 39.783981)))"
101,1329574,S1A_IW_SLC__1SDV_20200422T164827_20200422T164855_032243_03BACF_B655,0.0,"MULTIPOLYGON (((15.980666 37.869843, 15.562799 39.548725, 18.543505 39.951496, 18.889141 38.273834, 15.980666 37.869843)), ((15.53581 39.783981, 15.068731 39.854523, 15.69314 42.247078, 16.17728 42.176014, 15.53581 39.783981)))"
102,1350692,S1A_IW_SLC__1SDV_20200523T164141_20200523T164208_032695_03C97C_36DD,0.0,"MULTIPOLYGON (((16.730358 43.020203, 16.289509 44.637993, 19.52635 45.038712, 19.877378 43.420921, 16.730358 43.020203)), ((20.019415 41.061398, 19.547783 41.129509, 19.662552 41.578396, 20.127333 41.511738, 20.019415 41.061398)))"
103,1350692,S1A_IW_SLC__1SDV_20200523T164116_20200523T164143_032695_03C97C_F26D,0.0,"MULTIPOLYGON (((17.133436 41.531643, 16.705177 43.150654, 19.855066 43.550625, 20.20009 41.932014, 17.133436 41.531643)), ((20.019415 41.061398, 19.547783 41.129509, 19.662552 41.578396, 20.127333 41.511738, 20.019415 41.061398)))"
104,1350692,S1A_IW_SLC__1SDV_20200523T164051_20200523T164118_032695_03C97C_394C,0.04293952277704201,"MULTIPOLYGON (((17.503752 40.038742, 17.086159 41.659153, 20.164967 42.06052800000001, 20.505095 40.440857, 17.503752 40.038742)), ((20.019415 41.061398, 19.547783 41.129509, 19.662552 41.578396, 20.127333 41.511738, 20.019415 41.061398)))"
105,1350692,S1A_IW_SLC__1SDV_20200523T164026_20200523T164054_032695_03C97C_3EA9,0.0,"MULTIPOLYGON (((17.890366 38.488708, 17.468475 40.167675, 20.476788 40.569904, 20.824217 38.892036, 17.890366 38.488708)), ((20.019415 41.061398, 19.547783 41.129509, 19.662552 41.578396, 20.127333 41.511738, 20.019415 41.061398)))"
106,1350681,S1A_IW_SLC__1SDV_20200523T164141_20200523T164208_032695_03C97C_36DD,0.0,"MULTIPOLYGON (((16.730358 43.020203, 16.289509 44.637993, 19.52635 45.038712, 19.877378 43.420921, 16.730358 43.020203)), ((20.481176 39.780128, 19.98908 39.855644, 20.093216 40.310722, 20.587004 40.235455, 20.481176 39.780128)))"
107,1350681,S1A_IW_SLC__1SDV_20200523T164116_20200523T164143_032695_03C97C_F26D,0.0,"MULTIPOLYGON (((17.133436 41.531643, 16.705177 43.150654, 19.855066 43.550625, 20.20009 41.932014, 17.133436 41.531643)), ((20.481176 39.780128, 19.98908 39.855644, 20.093216 40.310722, 20.587004 40.235455, 20.481176 39.780128)))"
108,1350681,S1A_IW_SLC__1SDV_20200523T164051_20200523T164118_032695_03C97C_394C,0.0,"MULTIPOLYGON (((17.503752 40.038742, 17.086159 41.659153, 20.164967 42.06052800000001, 20.505095 40.440857, 17.503752 40.038742)), ((20.481176 39.780128, 19.98908 39.855644, 20.093216 40.310722, 20.587004 40.235455, 20.481176 39.780128)))"
109,1350681,S1A_IW_SLC__1SDV_20200523T164026_20200523T164054_032695_03C97C_3EA9,0.044765941328500466,"MULTIPOLYGON (((17.890366 38.488708, 17.468475 40.167675, 20.476788 40.569904, 20.824217 38.892036, 17.890366 38.488708)), ((20.481176 39.780128, 19.98908 39.855644, 20.093216 40.310722, 20.587004 40.235455, 20.481176 39.780128)))"
110,1358150,S1B_IW_SLC__1SDV_20200603T164904_20200603T164931_021872_029834_70B9,0.0,"MULTIPOLYGON (((14.815869 42.451969, 14.377914 44.076584, 17.591864 44.4785, 17.941931 42.854031, 14.815869 42.451969)), ((17.81772 40.145412, 17.347281 40.212296, 17.53064 40.961739, 18.00634 40.894798, 17.81772 40.145412)))"
111,1358150,S1B_IW_SLC__1SDV_20200603T164839_20200603T164906_021872_029834_446E,0.0,"MULTIPOLYGON (((15.187781 40.958828, 14.761172 42.584877, 17.902283 42.988361, 18.24708 41.362812, 15.187781 40.958828)), ((17.81772 40.145412, 17.347281 40.212296, 17.53064 40.961739, 18.00634 40.894798, 17.81772 40.145412)))"
112,1358150,S1B_IW_SLC__1SDV_20200603T164814_20200603T164842_021872_029834_5BB5,0.07227750677760178,"MULTIPOLYGON (((15.569584 39.467693, 15.153799 41.094769, 18.219179 41.498608, 18.558983 39.872379, 15.569584 39.467693)), ((17.81772 40.145412, 17.347281 40.212296, 17.53064 40.961739, 18.00634 40.894798, 17.81772 40.145412)))"
113,1358150,S1B_IW_SLC__1SDV_20200603T164749_20200603T164817_021872_029834_3E4F,0.0,"MULTIPOLYGON (((15.952933 37.923805, 15.534133 39.60350800000001, 18.530136 40.008198, 18.876156 38.329697, 15.952933 37.923805)), ((17.81772 40.145412, 17.347281 40.212296, 17.53064 40.961739, 18.00634 40.894798, 17.81772 40.145412)))"
114,1390671,S1B_IW_SLC__1SDV_20200721T164907_20200721T164934_022572_02AD75_5473,0.0,"MULTIPOLYGON (((14.816521 42.45195, 14.378563 44.076572, 17.592464 44.478481, 17.942533 42.854008, 14.816521 42.45195)), ((17.837099 40.14867, 17.366631 40.215553, 17.54121 40.929054, 18.016649 40.862041, 17.837099 40.14867)))"
115,1390671,S1B_IW_SLC__1SDV_20200721T164842_20200721T164909_022572_02AD75_FC21,0.0,"MULTIPOLYGON (((15.188354 40.959183, 14.761838 42.584862, 17.902893 42.988342, 18.247618 41.363159, 15.188354 40.959183)), ((17.837099 40.14867, 17.366631 40.215553, 17.54121 40.929054, 18.016649 40.862041, 17.837099 40.14867)))"
116,1390671,S1B_IW_SLC__1SDV_20200721T164817_20200721T164844_022572_02AD75_079B,0.06881960635476933,"MULTIPOLYGON (((15.570131 39.46817, 15.154502 41.094631, 18.219822 41.498463, 18.559498 39.872849, 15.570131 39.46817)), ((17.837099 40.14867, 17.366631 40.215553, 17.54121 40.929054, 18.016649 40.862041, 17.837099 40.14867)))"
117,1390671,S1B_IW_SLC__1SDV_20200721T164751_20200721T164819_022572_02AD75_46D0,0.0,"MULTIPOLYGON (((15.953485 37.924278, 15.534709 39.603859, 18.530676 40.00854099999999, 18.876673 38.330162, 15.953485 37.924278)), ((17.837099 40.14867, 17.366631 40.215553, 17.54121 40.929054, 18.016649 40.862041, 17.837099 40.14867)))"
118,1396579,S1A_IW_SLC__1SDV_20200727T164948_20200727T165015_033643_03E62C_2B92,0.0,"MULTIPOLYGON (((14.839976 42.402122, 14.404423 44.020626, 17.602789 44.420864, 17.951365 42.802532, 14.839976 42.402122)), ((15.54216 39.765202, 15.07511 39.835327, 15.703951 42.245827, 16.18819 42.175179, 15.54216 39.765202)))"
119,1396579,S1A_IW_SLC__1SDV_20200727T164924_20200727T164951_033643_03E62C_F6FD,0.10881814811691079,"MULTIPOLYGON (((15.214519 40.909283, 14.790421 42.528717, 17.91503 42.93029, 18.258224 41.311378, 15.214519 40.909283)), ((15.54216 39.765202, 15.07511 39.835327, 15.703951 42.245827, 16.18819 42.175179, 15.54216 39.765202)))"
120,1396579,S1A_IW_SLC__1SDV_20200727T164859_20200727T164926_033643_03E62C_34BB,0.07954076197726018,"MULTIPOLYGON (((15.595191 39.419445, 15.182081 41.038784, 18.23159 41.440746, 18.569609 39.822269, 15.595191 39.419445)), ((15.54216 39.765202, 15.07511 39.835327, 15.703951 42.245827, 16.18819 42.175179, 15.54216 39.765202)))"
121,1396579,S1A_IW_SLC__1SDV_20200727T164833_20200727T164901_033643_03E62C_A921,0.0,"MULTIPOLYGON (((15.979717 37.869118, 15.561833 39.547878, 18.542406 39.950695, 18.888067 38.273155, 15.979717 37.869118)), ((15.54216 39.765202, 15.07511 39.835327, 15.703951 42.245827, 16.18819 42.175179, 15.54216 39.765202)))"
122,1442715,S1B_IW_SLC__1SDV_20200907T164910_20200907T164937_023272_02C322_E30E,0.0,"MULTIPOLYGON (((14.814791 42.45295, 14.376845 44.07732, 17.590652 44.479252, 17.940718 42.855026, 14.814791 42.45295)), ((17.84716 40.150509, 17.37665 40.217236, 17.55159 40.932045, 18.027069 40.865101, 17.84716 40.150509)))"
123,1442715,S1B_IW_SLC__1SDV_20200907T164845_20200907T164912_023272_02C322_238A,0.0,"MULTIPOLYGON (((15.186555 40.959782, 14.759852 42.585953, 17.900923 42.989468, 18.2458 41.363796, 15.186555 40.959782)), ((17.84716 40.150509, 17.37665 40.217236, 17.55159 40.932045, 18.027069 40.865101, 17.84716 40.150509)))"
124,1442715,S1B_IW_SLC__1SDV_20200907T164820_20200907T164847_023272_02C322_AED5,0.0689283958772235,"MULTIPOLYGON (((15.568368 39.468903, 15.15259 41.095726, 18.217907 41.499592, 18.557709 39.873608, 15.568368 39.468903)), ((17.84716 40.150509, 17.37665 40.217236, 17.55159 40.932045, 18.027069 40.865101, 17.84716 40.150509)))"
125,1442715,S1B_IW_SLC__1SDV_20200907T164754_20200907T164822_023272_02C322_907A,0.0,"MULTIPOLYGON (((15.951659 37.925377, 15.532923 39.604588, 18.528872 40.009304, 18.87484 38.331291, 15.951659 37.925377)), ((17.84716 40.150509, 17.37665 40.217236, 17.55159 40.932045, 18.027069 40.865101, 17.84716 40.150509)))"
126,1450824,S1A_IW_SLC__1SDV_20200913T164951_20200913T165018_034343_03FE2F_9024,0.0,"MULTIPOLYGON (((14.83988 42.403393, 14.404366 44.021645, 17.602825 44.421894, 17.951365 42.80381, 14.83988 42.403393)), ((15.55057 39.769512, 15.08352 39.839745, 15.71208 42.249287, 16.19632 42.178535, 15.55057 39.769512)))"
127,1450824,S1A_IW_SLC__1SDV_20200913T164926_20200913T164953_034343_03FE2F_406B,0.1089411880281094,"MULTIPOLYGON (((15.214472 40.910564, 14.790381 42.529869, 17.91507 42.931446, 18.258251 41.31266, 15.214472 40.910564)), ((15.55057 39.769512, 15.08352 39.839745, 15.71208 42.249287, 16.19632 42.178535, 15.55057 39.769512)))"
128,1450824,S1A_IW_SLC__1SDV_20200913T164901_20200913T164928_034343_03FE2F_CA54,0.08081116296068265,"MULTIPOLYGON (((15.595325 39.420113, 15.182068 41.03994, 18.231646 41.441906, 18.569778 39.822937, 15.595325 39.420113)), ((15.55057 39.769512, 15.08352 39.839745, 15.71208 42.249287, 16.19632 42.178535, 15.55057 39.769512)))"
129,1450824,S1A_IW_SLC__1SDV_20200913T164835_20200913T164903_034343_03FE2F_6011,0.0,"MULTIPOLYGON (((15.979651 37.870651, 15.561993 39.54842, 18.542599 39.951241, 18.888069 38.274693, 15.979651 37.870651)), ((15.55057 39.769512, 15.08352 39.839745, 15.71208 42.249287, 16.19632 42.178535, 15.55057 39.769512)))"
130,1542373,S1B_IW_SLC__1SDV_20201020T164106_20201020T164133_023899_02D6C4_D065,0.0,"MULTIPOLYGON (((16.732908 43.020718, 16.292105 44.638355, 19.522001 45.038284, 19.873177 43.420643, 16.732908 43.020718)), ((15.40158 36.420578, 14.9546 36.487415, 16.284019 42.024105, 16.76746 41.956844, 15.40158 36.420578)))"
131,1542373,S1B_IW_SLC__1SDV_20201020T164041_20201020T164108_023899_02D6C4_2F8A,0.0,"MULTIPOLYGON (((17.136339 41.532112, 16.708132 43.15097, 19.851103 43.550125, 20.196259 41.93166, 17.136339 41.532112)), ((15.40158 36.420578, 14.9546 36.487415, 16.284019 42.024105, 16.76746 41.956844, 15.40158 36.420578)))"
132,1542373,S1B_IW_SLC__1SDV_20201020T164015_20201020T164043_023899_02D6C4_5317,0.0,"MULTIPOLYGON (((17.521126 39.982063, 17.089186 41.658997, 20.161221 42.059551, 20.513273 40.383381, 17.521126 39.982063)), ((15.40158 36.420578, 14.9546 36.487415, 16.284019 42.024105, 16.76746 41.956844, 15.40158 36.420578)))"
133,1542373,S1B_IW_SLC__1SDV_20201020T163950_20201020T164017_023899_02D6C4_D9CB,0.0,"MULTIPOLYGON (((17.892956 38.489956, 17.485939 40.110493, 20.485031 40.511932, 20.820427 38.892456, 17.892956 38.489956)), ((15.40158 36.420578, 14.9546 36.487415, 16.284019 42.024105, 16.76746 41.956844, 15.40158 36.420578)))"
134,1551101,S1B_IW_SLC__1SDV_20201025T164910_20201025T164937_023972_02D908_CBFD,0.0,"MULTIPOLYGON (((14.814409 42.452427, 14.376294 44.077133, 17.590527 44.479176, 17.940727 42.85461, 14.814409 42.452427)), ((17.81745 40.139149, 17.347099 40.206234, 17.530121 40.953861, 18.005711 40.886707, 17.81745 40.139149)))"
135,1551101,S1B_IW_SLC__1SDV_20201025T164845_20201025T164913_023972_02D908_4B50,0.0,"MULTIPOLYGON (((15.186108 40.959652, 14.7595 42.585175, 17.900963 42.98880399999999, 18.24576 41.36377299999999, 15.186108 40.959652)), ((17.81745 40.139149, 17.347099 40.206234, 17.530121 40.953861, 18.005711 40.886707, 17.81745 40.139149)))"
136,1551101,S1B_IW_SLC__1SDV_20201025T164821_20201025T164848_023972_02D908_6301,0.07208856292000143,"MULTIPOLYGON (((15.568076 39.46843, 15.152169 41.09547, 18.21789 41.499443, 18.557793 39.873241, 15.568076 39.46843)), ((17.81745 40.139149, 17.347099 40.206234, 17.530121 40.953861, 18.005711 40.886707, 17.81745 40.139149)))"
137,1551101,S1B_IW_SLC__1SDV_20201025T164755_20201025T164823_023972_02D908_5A80,0.0,"MULTIPOLYGON (((15.951515 37.924564, 15.532593 39.604237, 18.528925 40.00906, 18.875044 38.330582, 15.951515 37.924564)), ((17.81745 40.139149, 17.347099 40.206234, 17.530121 40.953861, 18.005711 40.886707, 17.81745 40.139149)))"
138,1644719,S1B_IW_SLC__1SDV_20201207T164105_20201207T164132_024599_02ECD2_C6A2,0.0,"MULTIPOLYGON (((16.731274 43.020718, 16.29047 44.638214, 19.520571 45.038193, 19.871742 43.420689, 16.731274 43.020718)), ((15.40334 36.399998, 14.95646 36.466766, 16.293619 42.039257, 16.77721 41.972141, 15.40334 36.399998)))"
139,1644719,S1B_IW_SLC__1SDV_20201207T164040_20201207T164107_024599_02ECD2_5248,0.0,"MULTIPOLYGON (((17.134706 41.532246, 16.706497 43.150967, 19.849669 43.550167, 20.19482 41.931843, 17.134706 41.532246)), ((15.40334 36.399998, 14.95646 36.466766, 16.293619 42.039257, 16.77721 41.972141, 15.40334 36.399998)))"
140,1644719,S1B_IW_SLC__1SDV_20201207T164015_20201207T164042_024599_02ECD2_78D9,0.0,"MULTIPOLYGON (((17.519611 39.981838, 17.087543 41.659126, 20.159779 42.059731, 20.51193 40.383202, 17.519611 39.981838)), ((15.40334 36.399998, 14.95646 36.466766, 16.293619 42.039257, 16.77721 41.972141, 15.40334 36.399998)))"
141,1644719,S1B_IW_SLC__1SDV_20201207T163950_20201207T164017_024599_02ECD2_74BA,0.0,"MULTIPOLYGON (((17.891556 38.489376, 17.484545 40.109772, 20.483713 40.51125, 20.819103 38.891911, 17.891556 38.489376)), ((15.40334 36.399998, 14.95646 36.466766, 16.293619 42.039257, 16.77721 41.972141, 15.40334 36.399998)))"
142,1650050,S1B_IW_SLC__1SDV_20201212T164909_20201212T164936_024672_02EF22_3879,0.0,"MULTIPOLYGON (((14.814932 42.452427, 14.376798 44.077377, 17.591248 44.479385, 17.941442 42.854576, 14.814932 42.452427)), ((17.816031 40.107044, 17.345831 40.173836, 17.541531 40.973984, 18.017321 40.907082, 17.816031 40.107044)))"
143,1650050,S1B_IW_SLC__1SDV_20201212T164844_20201212T164911_024672_02EF22_DF89,0.0,"MULTIPOLYGON (((15.186664 40.959667, 14.759939 42.585804, 17.901596 42.989391, 18.246469 41.36375, 15.186664 40.959667)), ((17.816031 40.107044, 17.345831 40.173836, 17.541531 40.973984, 18.017321 40.907082, 17.816031 40.107044)))"
144,1650050,S1B_IW_SLC__1SDV_20201212T164820_20201212T164847_024672_02EF22_8D80,0.07716238732926622,"MULTIPOLYGON (((15.568561 39.468575, 15.152826 41.095119, 18.218683 41.49905, 18.558428 39.873344, 15.568561 39.468575)), ((17.816031 40.107044, 17.345831 40.173836, 17.541531 40.973984, 18.017321 40.907082, 17.816031 40.107044)))"
145,1650050,S1B_IW_SLC__1SDV_20201212T164754_20201212T164822_024672_02EF22_1CFB,0.0,"MULTIPOLYGON (((15.951958 37.924709, 15.533174 39.604008, 18.52964 40.008789, 18.875629 38.330688, 15.951958 37.924709)), ((17.816031 40.107044, 17.345831 40.173836, 17.541531 40.973984, 18.017321 40.907082, 17.816031 40.107044)))"
146,1656872,S1A_IW_SLC__1SDV_20201218T164950_20201218T165017_035743_042EC4_9FE6,0.0,"MULTIPOLYGON (((14.838489 42.403633, 14.40306 44.021355, 17.602068 44.421692, 17.95052 42.804134, 14.838489 42.403633)), ((15.52404 39.708294, 15.05737 39.7784, 15.7223 42.328079, 16.20718 42.257469, 15.52404 39.708294)))"
147,1656872,S1A_IW_SLC__1SDV_20201218T164925_20201218T164952_035743_042EC4_2EE0,0.11536802770561612,"MULTIPOLYGON (((15.213188 40.910583, 14.788954 42.530228, 17.914122 42.931881, 18.257406 41.312756, 15.213188 40.910583)), ((15.52404 39.708294, 15.05737 39.7784, 15.7223 42.328079, 16.20718 42.257469, 15.52404 39.708294)))"
148,1656872,S1A_IW_SLC__1SDV_20201218T164900_20201218T164927_035743_042EC4_6F8F,0.07853823202752153,"MULTIPOLYGON (((15.594145 39.419918, 15.180814 41.039837, 18.2309 41.441887, 18.569078 39.822826, 15.594145 39.419918)), ((15.52404 39.708294, 15.05737 39.7784, 15.7223 42.328079, 16.20718 42.257469, 15.52404 39.708294)))"
149,1656872,S1A_IW_SLC__1SDV_20201218T164835_20201218T164902_035743_042EC4_C8F7,0.0,"MULTIPOLYGON (((15.978601 37.870121, 15.560778 39.548347, 18.54187 39.951248, 18.887461 38.274235, 15.978601 37.870121)), ((15.52404 39.708294, 15.05737 39.7784, 15.7223 42.328079, 16.20718 42.257469, 15.52404 39.708294)))"
150,1683117,S1A_IW_SLC__1SDV_20210113T163319_20210113T163346_036122_043C15_E784,0.0,"MULTIPOLYGON (((18.995827 42.25259, 18.561642 43.870789, 21.751534 44.270939, 22.099394 42.652946, 18.995827 42.25259)), ((17.81782 40.103523, 17.347691 40.170483, 17.543381 40.970539, 18.01919 40.90379, 17.81782 40.103523)))"
151,1700608,S1B_IW_SLC__1SDV_20210124T164103_20210124T164130_025299_03034D_7D22,0.0,"MULTIPOLYGON (((16.732687 43.020725, 16.291964 44.638107, 19.521997 45.03802899999999, 19.873096 43.420639, 16.732687 43.020725)), ((16.837162 40.484051, 16.361317 40.553341, 16.475901 41.002617, 16.949562 40.934048, 16.837162 40.484051)))"
152,1700608,S1B_IW_SLC__1SDV_20210124T164038_20210124T164105_025299_03034D_4731,0.0,"MULTIPOLYGON (((17.136108 41.532124, 16.707911 43.150974, 19.851025 43.550117, 20.196157 41.93166, 17.136108 41.532124)), ((16.837162 40.484051, 16.361317 40.553341, 16.475901 41.002617, 16.949562 40.934048, 16.837162 40.484051)))"
153,1700608,S1B_IW_SLC__1SDV_20210124T164012_20210124T164040_025299_03034D_46EC,0.0,"MULTIPOLYGON (((17.520967 39.981705, 17.088976 41.658882, 20.161142 42.059425, 20.513226 40.383015, 17.520967 39.981705)), ((16.837162 40.484051, 16.361317 40.553341, 16.475901 41.002617, 16.949562 40.934048, 16.837162 40.484051)))"
154,1700608,S1B_IW_SLC__1SDV_20210124T163948_20210124T164015_025299_03034D_EF37,0.0,"MULTIPOLYGON (((17.892851 38.489361, 17.485847 40.10989, 20.484962 40.511311, 20.820339 38.891838, 17.892851 38.489361)), ((16.837162 40.484051, 16.361317 40.553341, 16.475901 41.002617, 16.949562 40.934048, 16.837162 40.484051)))"
155,1737852,S1B_IW_SLC__1SDV_20210224T163245_20210224T163312_025751_0311F3_E384,0.0,"MULTIPOLYGON (((18.825045 42.796898, 18.383844 44.420708, 21.591064 44.82015999999999, 21.943563 43.196358, 18.825045 42.796898)), ((16.803722 40.502361, 16.435745 40.541637, 16.516994 40.990128, 16.886906 40.951077, 16.803722 40.502361)))"
156,1741739,S1A_IW_SLC__1SDV_20210302T163317_20210302T163344_036822_04545B_C78D,0.0,"MULTIPOLYGON (((18.994963 42.252701, 18.560734 43.870895, 21.750589 44.271111, 22.098505 42.653122, 18.994963 42.252701)), ((16.809515 40.490097, 16.322813 40.554096, 16.427416 41.004402, 16.912619 40.94112, 16.809515 40.490097)))"
157,1756526,S1B_IW_SLC__1SDV_20210313T164102_20210313T164129_025999_031A13_BC70,0.0,"MULTIPOLYGON (((16.732529 43.020302, 16.291826 44.637817, 19.521694 45.037701, 19.872784 43.420181, 16.732529 43.020302)), ((18.172529 42.433456, 17.64616 42.511696, 17.754759 42.952831, 18.268326 42.876945, 18.172529 42.433456)))"
158,1756526,S1B_IW_SLC__1SDV_20210313T164037_20210313T164104_025999_031A13_8B13,0.04598172166933096,"MULTIPOLYGON (((17.135767 41.532181, 16.70775 43.150551, 19.85071 43.54966, 20.195705 41.93169, 17.135767 41.532181)), ((18.172529 42.433456, 17.64616 42.511696, 17.754759 42.952831, 18.268326 42.876945, 18.172529 42.433456)))"
159,1756526,S1B_IW_SLC__1SDV_20210313T164012_20210313T164040_025999_031A13_0C66,0.0,"MULTIPOLYGON (((17.520645 39.98151, 17.088511 41.65943499999999, 20.160666 42.059959, 20.512871 40.382801, 17.520645 39.98151)), ((18.172529 42.433456, 17.64616 42.511696, 17.754759 42.952831, 18.268326 42.876945, 18.172529 42.433456)))"
160,1756526,S1B_IW_SLC__1SDV_20210313T163947_20210313T164014_025999_031A13_A103,0.0,"MULTIPOLYGON (((17.892485 38.489159, 17.485497 40.109818, 20.484585 40.511219, 20.819956 38.891621, 17.892485 38.489159)), ((18.172529 42.433456, 17.64616 42.511696, 17.754759 42.952831, 18.268326 42.876945, 18.172529 42.433456)))"
161,1757552,S1B_IW_SLC__1SDV_20210313T164102_20210313T164129_025999_031A13_BC70,0.0,"MULTIPOLYGON (((16.732529 43.020302, 16.291826 44.637817, 19.521694 45.037701, 19.872784 43.420181, 16.732529 43.020302)), ((15.410961 36.420712, 14.96401 36.487701, 16.29273 42.023129, 16.77622 41.956104, 15.410961 36.420712)))"
162,1757552,S1B_IW_SLC__1SDV_20210313T164037_20210313T164104_025999_031A13_8B13,0.0,"MULTIPOLYGON (((17.135767 41.532181, 16.70775 43.150551, 19.85071 43.54966, 20.195705 41.93169, 17.135767 41.532181)), ((15.410961 36.420712, 14.96401 36.487701, 16.29273 42.023129, 16.77622 41.956104, 15.410961 36.420712)))"
163,1757552,S1B_IW_SLC__1SDV_20210313T164012_20210313T164040_025999_031A13_0C66,0.0,"MULTIPOLYGON (((17.520645 39.98151, 17.088511 41.65943499999999, 20.160666 42.059959, 20.512871 40.382801, 17.520645 39.98151)), ((15.410961 36.420712, 14.96401 36.487701, 16.29273 42.023129, 16.77622 41.956104, 15.410961 36.420712)))"
164,1757552,S1B_IW_SLC__1SDV_20210313T163947_20210313T164014_025999_031A13_A103,0.0,"MULTIPOLYGON (((17.892485 38.489159, 17.485497 40.109818, 20.484585 40.511219, 20.819956 38.891621, 17.892485 38.489159)), ((15.410961 36.420712, 14.96401 36.487701, 16.29273 42.023129, 16.77622 41.956104, 15.410961 36.420712)))"
165,1764518,S1B_IW_SLC__1SDV_20210318T164906_20210318T164933_026072_031C5F_046C,0.0,"MULTIPOLYGON (((14.814775 42.451694, 14.376698 44.076408, 17.590899 44.478447, 17.941072 42.853878, 14.814775 42.451694)), ((17.814911 40.092529, 17.34486 40.159515, 17.54921 40.994385, 18.025141 40.927418, 17.814911 40.092529)))"
166,1764518,S1B_IW_SLC__1SDV_20210318T164842_20210318T164909_026072_031C5F_938A,0.0,"MULTIPOLYGON (((15.186528 40.958801, 14.759892 42.584576, 17.901318 42.988197, 18.246143 41.362919, 15.186528 40.958801)), ((17.814911 40.092529, 17.34486 40.159515, 17.54921 40.994385, 18.025141 40.927418, 17.814911 40.092529)))"
167,1764518,S1B_IW_SLC__1SDV_20210318T164817_20210318T164844_026072_031C5F_4581,0.0805335898704087,"MULTIPOLYGON (((15.568328 39.468067, 15.152614 41.094498, 18.218296 41.498466, 18.558048 39.872879, 15.568328 39.468067)), ((17.814911 40.092529, 17.34486 40.159515, 17.54921 40.994385, 18.025141 40.927418, 17.814911 40.092529)))"
168,1764518,S1B_IW_SLC__1SDV_20210318T164751_20210318T164819_026072_031C5F_AAD1,0.0,"MULTIPOLYGON (((15.951597 37.924816, 15.532827 39.604, 18.529161 40.00882, 18.875158 38.330833, 15.951597 37.924816)), ((17.814911 40.092529, 17.34486 40.159515, 17.54921 40.994385, 18.025141 40.927418, 17.814911 40.092529)))"
169,1773891,S1A_IW_SLC__1SDV_20210324T164948_20210324T165015_037143_045F87_465E,0.0,"MULTIPOLYGON (((14.839862 42.402481, 14.404393 44.020596, 17.603117 44.420895, 17.95162 42.802952, 14.839862 42.402481)), ((15.51526 39.684826, 15.048761 39.754978, 15.71405 42.30545, 16.198681 42.234554, 15.51526 39.684826)))"
170,1773891,S1A_IW_SLC__1SDV_20210324T164923_20210324T164950_037143_045F87_1519,0.113316050511165,"MULTIPOLYGON (((15.214427 40.909664, 14.790346 42.528954, 17.915316 42.930584, 18.258492 41.311817, 15.214427 40.909664)), ((15.51526 39.684826, 15.048761 39.754978, 15.71405 42.30545, 16.198681 42.234554, 15.51526 39.684826)))"
171,1773891,S1A_IW_SLC__1SDV_20210324T164858_20210324T164925_037143_045F87_F8E9,0.07782305377073348,"MULTIPOLYGON (((15.595332 39.41898, 15.182021 41.03904, 18.231884 41.441059, 18.570061 39.821861, 15.595332 39.41898)), ((15.51526 39.684826, 15.048761 39.754978, 15.71405 42.30545, 16.198681 42.234554, 15.51526 39.684826)))"
172,1773891,S1A_IW_SLC__1SDV_20210324T164832_20210324T164900_037143_045F87_B805,0.0,"MULTIPOLYGON (((15.979743 37.869164, 15.561941 39.547531, 18.542831 39.950409, 18.88842 38.273262, 15.979743 37.869164)), ((15.51526 39.684826, 15.048761 39.754978, 15.71405 42.30545, 16.198681 42.234554, 15.51526 39.684826)))"
173,1800232,S1B_IW_SLC__1SDV_20210413T163246_20210413T163313_026451_032869_1D5B,0.0,"MULTIPOLYGON (((18.826433 42.797054, 18.385319 44.420769, 21.591993 44.820129, 21.944439 43.196419, 18.826433 42.797054)), ((16.806562 40.501137, 16.438585 40.540352, 16.519686 40.987804, 16.88953 40.948818, 16.806562 40.501137)))"
174,1815500,S1A_IW_SLC__1SDV_20210419T163319_20210419T163346_037522_046C9F_5113,0.0,"MULTIPOLYGON (((18.995478 42.253094, 18.561268 43.871319, 21.75065 44.271473, 22.098566 42.653454, 18.995478 42.253094)), ((17.818939 40.100777, 17.348789 40.167587, 17.545059 40.969269, 18.0208 40.902283, 17.818939 40.100777)))"
175,1849367,S1B_IW_SLC__1SDV_20210430T164104_20210430T164131_026699_03306C_DA58,0.0,"MULTIPOLYGON (((16.73423 43.020058, 16.293552 44.637604, 19.522961 45.037422, 19.874044 43.419876, 16.73423 43.020058)), ((16.834372 40.484993, 16.358498 40.554199, 16.472879 41.003658, 16.947172 40.935028, 16.834372 40.484993)))"
176,1849367,S1B_IW_SLC__1SDV_20210430T164039_20210430T164106_026699_03306C_A75D,0.0,"MULTIPOLYGON (((17.137495 41.53166599999999, 16.709438 43.150311, 19.851965 43.54935800000001, 20.197006 41.931114, 17.137495 41.53166599999999)), ((16.834372 40.484993, 16.358498 40.554199, 16.472879 41.003658, 16.947172 40.935028, 16.834372 40.484993)))"
177,1849367,S1B_IW_SLC__1SDV_20210430T164013_20210430T164041_026699_03306C_D543,0.0,"MULTIPOLYGON (((17.522284 39.981087, 17.090202 41.658916, 20.161865 42.059376, 20.514042 40.382313, 17.522284 39.981087)), ((16.834372 40.484993, 16.358498 40.554199, 16.472879 41.003658, 16.947172 40.935028, 16.834372 40.484993)))"
178,1849367,S1B_IW_SLC__1SDV_20210430T163948_20210430T164015_026699_03306C_130D,0.0,"MULTIPOLYGON (((17.893866 38.489826, 17.487143 40.109524, 20.485826 40.510868, 20.82099 38.892231, 17.893866 38.489826)), ((16.834372 40.484993, 16.358498 40.554199, 16.472879 41.003658, 16.947172 40.935028, 16.834372 40.484993)))"
179,1278346,S1A_IW_SLC__1SDV_20200129T164942_20200129T165009_031018_03901B_9377,0.0,"MULTIPOLYGON (((14.838878 42.403019, 14.403299 44.021233, 17.602283 44.421597, 17.950865 42.80354699999999, 14.838878 42.403019)), ((15.19783 39.943943, 14.732689 40.012268, 15.34197 42.403599, 15.824259 42.335007, 15.19783 39.943943)))"
180,1278346,S1A_IW_SLC__1SDV_20200129T164917_20200129T164944_031018_03901B_2ED9,0.11584695605922682,"MULTIPOLYGON (((15.213587 40.909973, 14.789338 42.529613, 17.914539 42.931305, 18.257843 41.31218, 15.213587 40.909973)), ((15.19783 39.943943, 14.732689 40.012268, 15.34197 42.403599, 15.824259 42.335007, 15.19783 39.943943)))"
181,1278346,S1A_IW_SLC__1SDV_20200129T164852_20200129T164919_031018_03901B_F88E,0.015620858163532717,"MULTIPOLYGON (((15.594493 39.419552, 15.181178 41.039349, 18.231234 41.441425, 18.569407 39.822491, 15.594493 39.419552)), ((15.19783 39.943943, 14.732689 40.012268, 15.34197 42.403599, 15.824259 42.335007, 15.19783 39.943943)))"
182,1278346,S1A_IW_SLC__1SDV_20200129T164827_20200129T164855_031018_03901B_6238,0.0,"MULTIPOLYGON (((15.979115 37.869137, 15.561094 39.548103, 18.542171 39.951035, 18.887936 38.27328499999999, 15.979115 37.869137)), ((15.19783 39.943943, 14.732689 40.012268, 15.34197 42.403599, 15.824259 42.335007, 15.19783 39.943943)))"
183,1306875,S1A_IW_SLC__1SDV_20200317T164942_20200317T165009_031718_03A855_40D8,0.0,"MULTIPOLYGON (((14.838799 42.402683, 14.403294 44.02079000000001, 17.602062 44.421124, 17.950596 42.803185, 14.838799 42.402683)), ((15.17311 39.940884, 14.70799 40.009163, 15.31827 42.403767, 15.8005 42.33498, 15.17311 39.940884)))"
184,1306875,S1A_IW_SLC__1SDV_20200317T164917_20200317T164944_031718_03A855_2E13,0.11362666038549481,"MULTIPOLYGON (((15.213306 40.91024, 14.789254 42.52927800000001, 17.914268 42.930943, 18.257421 41.312424, 15.213306 40.91024)), ((15.17311 39.940884, 14.70799 40.009163, 15.31827 42.403767, 15.8005 42.33498, 15.17311 39.940884)))"
185,1306875,S1A_IW_SLC__1SDV_20200317T164852_20200317T164919_031718_03A855_DBC6,0.013258825966637319,"MULTIPOLYGON (((15.594309 39.419315, 15.180901 41.039616, 18.230812 41.441666, 18.569071 39.82222700000001, 15.594309 39.419315)), ((15.17311 39.940884, 14.70799 40.009163, 15.31827 42.403767, 15.8005 42.33498, 15.17311 39.940884)))"
186,1306875,S1A_IW_SLC__1SDV_20200317T164826_20200317T164854_031718_03A855_0C00,0.0,"MULTIPOLYGON (((15.978657 37.869877, 15.560912 39.547867, 18.541838 39.950775, 18.887381 38.273998, 15.978657 37.869877)), ((15.17311 39.940884, 14.70799 40.009163, 15.31827 42.403767, 15.8005 42.33498, 15.17311 39.940884)))"
187,1322994,S1A_IW_SLC__1SDV_20200412T163312_20200412T163339_032097_03B5A8_C012,0.0,"MULTIPOLYGON (((18.995716 42.25288, 18.561451 43.87135300000001, 21.750841 44.27149199999999, 22.098799 42.653229, 18.995716 42.25288)), ((18.16201 39.721943, 17.69833 39.790081, 17.944771 40.772903, 18.415171 40.704605, 18.16201 39.721943)))"
188,1330329,S1B_IW_SLC__1SDV_20200423T164057_20200423T164124_021274_028610_02F4,0.0,"MULTIPOLYGON (((16.733377 43.020191, 16.292686 44.637741, 19.52198 45.037544, 19.873074 43.419994, 16.733377 43.020191)), ((16.14221 37.72546, 15.691211 37.793373, 16.57836 41.370701, 17.052999 41.302277, 16.14221 37.72546)))"
189,1330329,S1B_IW_SLC__1SDV_20200423T164033_20200423T164100_021274_028610_EA08,0.0,"MULTIPOLYGON (((17.136686 41.531673, 16.708584 43.150444, 19.850992 43.549477, 20.19607 41.931107, 17.136686 41.531673)), ((16.14221 37.72546, 15.691211 37.793373, 16.57836 41.370701, 17.052999 41.302277, 16.14221 37.72546)))"
190,1330329,S1B_IW_SLC__1SDV_20200423T164007_20200423T164035_021274_028610_12BB,0.0,"MULTIPOLYGON (((17.521423 39.981339, 17.089458 41.658676, 20.160984 42.05912, 20.513063 40.382549, 17.521423 39.981339)), ((16.14221 37.72546, 15.691211 37.793373, 16.57836 41.370701, 17.052999 41.302277, 16.14221 37.72546)))"
191,1330329,S1B_IW_SLC__1SDV_20200423T163942_20200423T164009_021274_028610_2203,0.0,"MULTIPOLYGON (((17.893169 38.489456, 17.486221 40.110023, 20.484798 40.511349, 20.820148 38.891846, 17.893169 38.489456)), ((16.14221 37.72546, 15.691211 37.793373, 16.57836 41.370701, 17.052999 41.302277, 16.14221 37.72546)))"
192,1355672,S1A_IW_SLC__1SDV_20200530T163315_20200530T163342_032797_03CC89_3310,0.0,"MULTIPOLYGON (((18.995996 42.252747, 18.561766 43.871094, 21.751156 44.271236, 22.099087 42.653099, 18.995996 42.252747)), ((16.809633 40.511024, 16.325123 40.574814, 16.418806 40.988285, 16.904291 40.924755, 16.809633 40.511024)))"
193,1405146,S1A_IW_SLC__1SDV_20200808T164949_20200808T165016_033818_03EBBE_715E,0.0,"MULTIPOLYGON (((14.840043 42.403168, 14.404578 44.021294, 17.603071 44.421551, 17.951572 42.803593, 14.840043 42.403168)), ((15.18844 39.960915, 14.723169 40.02914, 15.331679 42.41684, 15.81408 42.348278, 15.18844 39.960915)))"
194,1405146,S1A_IW_SLC__1SDV_20200808T164924_20200808T164951_033818_03EBBE_B313,0.11582847185174318,"MULTIPOLYGON (((15.214583 40.910458, 14.790539 42.52964, 17.915276 42.93122899999999, 18.258423 41.312569, 15.214583 40.910458)), ((15.18844 39.960915, 14.723169 40.02914, 15.331679 42.41684, 15.81408 42.348278, 15.18844 39.960915)))"
195,1405146,S1A_IW_SLC__1SDV_20200808T164859_20200808T164926_033818_03EBBE_FA6C,0.014132844587132716,"MULTIPOLYGON (((15.595517 39.41964, 15.182179 41.039837, 18.231817 41.441814, 18.570019 39.822479, 15.595517 39.41964)), ((15.18844 39.960915, 14.723169 40.02914, 15.331679 42.41684, 15.81408 42.348278, 15.18844 39.960915)))"
196,1405146,S1A_IW_SLC__1SDV_20200808T164834_20200808T164901_033818_03EBBE_8276,0.0,"MULTIPOLYGON (((15.979921 37.869808, 15.562125 39.548191, 18.542788 39.951027, 18.888378 38.273861, 15.979921 37.869808)), ((15.18844 39.960915, 14.723169 40.02914, 15.331679 42.41684, 15.81408 42.348278, 15.18844 39.960915)))"
197,1464642,S1B_IW_SLC__1SDV_20200919T164910_20200919T164937_023447_02C89D_99FB,0.0,"MULTIPOLYGON (((14.815655 42.452778, 14.377603 44.077637, 17.591581 44.479557, 17.941723 42.854839, 14.815655 42.452778)), ((18.15704 39.696972, 17.693569 39.765285, 17.95048 40.790077, 18.42095 40.721619, 18.15704 39.696972)))"
198,1464642,S1B_IW_SLC__1SDV_20200919T164845_20200919T164912_023447_02C89D_19ED,0.0,"MULTIPOLYGON (((15.18743 40.95987299999999, 14.76082 42.585796, 17.901987 42.989288, 18.24678 41.363865, 15.18743 40.95987299999999)), ((18.15704 39.696972, 17.693569 39.765285, 17.95048 40.790077, 18.42095 40.721619, 18.15704 39.696972)))"
199,1464642,S1B_IW_SLC__1SDV_20200919T164820_20200919T164847_023447_02C89D_563B,0.09129185187746888,"MULTIPOLYGON (((15.569247 39.468872, 15.15356 41.095448, 18.218967 41.49929, 18.558687 39.873558, 15.569247 39.468872)), ((18.15704 39.696972, 17.693569 39.765285, 17.95048 40.790077, 18.42095 40.721619, 18.15704 39.696972)))"
200,1464642,S1B_IW_SLC__1SDV_20200919T164755_20200919T164823_023447_02C89D_8069,0.017732961502193147,"MULTIPOLYGON (((15.952578 37.925102, 15.533838 39.604435, 18.529879 40.00912899999999, 18.875841 38.330997, 15.952578 37.925102)), ((18.15704 39.696972, 17.693569 39.765285, 17.95048 40.790077, 18.42095 40.721619, 18.15704 39.696972)))"
201,1479233,S1A_IW_SLC__1SDV_20200925T164951_20200925T165018_034518_040458_ED66,0.0,"MULTIPOLYGON (((14.839099 42.403046, 14.403553 44.021286, 17.602118 44.421577, 17.950684 42.803505, 14.839099 42.403046)), ((15.18411 39.951824, 14.71894 40.020214, 15.32789 42.409081, 15.81019 42.340351, 15.18411 39.951824)))"
202,1479233,S1A_IW_SLC__1SDV_20200925T164926_20200925T164953_034518_040458_A9FB,0.11497200115467363,"MULTIPOLYGON (((15.213647 40.910469, 14.789623 42.52939600000001, 17.91441 42.931019, 18.257542 41.312611, 15.213647 40.910469)), ((15.18411 39.951824, 14.71894 40.020214, 15.32789 42.409081, 15.81019 42.340351, 15.18411 39.951824)))"
203,1479233,S1A_IW_SLC__1SDV_20200925T164902_20200925T164928_034518_040458_0D0E,0.014018020187931914,"MULTIPOLYGON (((15.594683 39.419407, 15.181334 41.039474, 18.231009 41.441486, 18.569218 39.822281, 15.594683 39.419407)), ((15.18411 39.951824, 14.71894 40.020214, 15.32789 42.409081, 15.81019 42.340351, 15.18411 39.951824)))"
204,1479233,S1A_IW_SLC__1SDV_20200925T164836_20200925T164904_034518_040458_5B98,0.0,"MULTIPOLYGON (((15.979156 37.86946500000001, 15.561256 39.548084, 18.54196 39.950951, 18.887634 38.273548, 15.979156 37.86946500000001)), ((15.18411 39.951824, 14.71894 40.020214, 15.32789 42.409081, 15.81019 42.340351, 15.18411 39.951824)))"
205,1542722,S1A_IW_SLC__1SDV_20201021T163321_20201021T163348_034897_041199_97F4,0.0,"MULTIPOLYGON (((18.994871 42.252972, 18.560591 43.871292, 21.75036 44.2715, 22.098316 42.653381, 18.994871 42.252972)), ((18.15753 39.691883, 17.694059 39.760052, 17.95055 40.78339, 18.421021 40.715118, 18.15753 39.691883)))"
206,1775244,S1B_IW_SLC__1SDV_20210325T164102_20210325T164129_026174_031FA3_6AB1,0.0,"MULTIPOLYGON (((16.732626 43.0201, 16.291922 44.637623, 19.52165 45.037506, 19.872751 43.419979, 16.732626 43.0201)), ((16.833534 40.483204, 16.356419 40.552589, 16.471861 41.001316, 16.945864 40.932766, 16.833534 40.483204)))"
207,1775244,S1B_IW_SLC__1SDV_20210325T164038_20210325T164105_026174_031FA3_08AB,0.0,"MULTIPOLYGON (((17.135954 41.531601, 16.707872 43.150223, 19.8507 43.549335, 20.195757 41.93111, 17.135954 41.531601)), ((16.833534 40.483204, 16.356419 40.552589, 16.471861 41.001316, 16.945864 40.932766, 16.833534 40.483204)))"
208,1775244,S1B_IW_SLC__1SDV_20210325T164012_20210325T164040_026174_031FA3_B076,0.0,"MULTIPOLYGON (((17.520737 39.981163, 17.08876 41.658478, 20.160698 42.058998, 20.512785 40.38245, 17.520737 39.981163)), ((16.833534 40.483204, 16.356419 40.552589, 16.471861 41.001316, 16.945864 40.932766, 16.833534 40.483204)))"
209,1775244,S1B_IW_SLC__1SDV_20210325T163947_20210325T164014_026174_031FA3_E5BD,0.0,"MULTIPOLYGON (((17.892546 38.489052, 17.485649 40.109352, 20.484617 40.510757, 20.81992 38.891521, 17.892546 38.489052)), ((16.833534 40.483204, 16.356419 40.552589, 16.471861 41.001316, 16.945864 40.932766, 16.833534 40.483204)))"
210,1264218,S1A_IW_SLC__1SDV_20191214T163314_20191214T163341_030347_0378B1_9B0F,0.0,"MULTIPOLYGON (((18.994755 42.253582, 18.560528 43.871773, 21.750553 44.271965, 22.098448 42.653976, 18.994755 42.253582)), ((20.011209 41.081337, 19.539703 41.149624, 19.649622 41.579205, 20.116161 41.511925, 20.011209 41.081337)))"
211,1278349,S1A_IW_SLC__1SDV_20200130T044801_20200130T044828_031025_03904E_98E1,0.0,"MULTIPOLYGON (((20.28661 37.689819, 17.402948 38.09174, 17.738131 39.719311, 20.690739 39.318592, 20.28661 37.689819)), ((16.18396 37.927998, 15.129631 42.217907, 15.62023 42.284191, 16.644699 37.994171, 16.18396 37.927998)))"
212,1278349,S1A_IW_SLC__1SDV_20200130T044736_20200130T044803_031025_03904E_D20F,0.0,"MULTIPOLYGON (((20.656046 39.182175, 17.709614 39.582943, 18.049051 41.209732, 21.069649 40.809864, 20.656046 39.182175)), ((16.18396 37.927998, 15.129631 42.217907, 15.62023 42.284191, 16.644699 37.994171, 16.18396 37.927998)))"
213,1278349,S1A_IW_SLC__1SDV_20200130T044710_20200130T044738_031025_03904E_F050,0.0,"MULTIPOLYGON (((21.034996 40.67339699999999, 18.020658 41.073364, 18.376001 42.75103, 21.472815 42.351639, 21.034996 40.67339699999999)), ((16.18396 37.927998, 15.129631 42.217907, 15.62023 42.284191, 16.644699 37.994171, 16.18396 37.927998)))"
214,1278349,S1A_IW_SLC__1SDV_20200130T044645_20200130T044712_031025_03904E_AA1F,0.0,"MULTIPOLYGON (((21.416656 42.225361, 18.335711 42.623093, 18.683966 44.24157, 21.850512 43.844048, 21.416656 42.225361)), ((16.18396 37.927998, 15.129631 42.217907, 15.62023 42.284191, 16.644699 37.994171, 16.18396 37.927998)))"
215,1290505,S1A_IW_SLC__1SDV_20200222T164942_20200222T165009_031368_039C39_79C3,0.0,"MULTIPOLYGON (((14.839834 42.40324, 14.404363 44.021343, 17.60327 44.421631, 17.951757 42.803692, 14.839834 42.40324)), ((16.825293 40.488491, 16.348358 40.558235, 16.463913 41.009041, 16.938684 40.939968, 16.825293 40.488491)))"
216,1290505,S1A_IW_SLC__1SDV_20200222T164917_20200222T164944_031368_039C39_A743,0.0,"MULTIPOLYGON (((15.214385 40.910553, 14.790336 42.529713, 17.915464 42.931328, 18.258598 41.312687, 15.214385 40.910553)), ((16.825293 40.488491, 16.348358 40.558235, 16.463913 41.009041, 16.938684 40.939968, 16.825293 40.488491)))"
217,1290505,S1A_IW_SLC__1SDV_20200222T164852_20200222T164919_031368_039C39_A52D,0.0442637792304169,"MULTIPOLYGON (((15.595264 39.420002, 15.182015 41.039806, 18.232019 41.441811, 18.570131 39.822865, 15.595264 39.420002)), ((16.825293 40.488491, 16.348358 40.558235, 16.463913 41.009041, 16.938684 40.939968, 16.825293 40.488491)))"
218,1290505,S1A_IW_SLC__1SDV_20200222T164826_20200222T164854_031368_039C39_4368,0.0,"MULTIPOLYGON (((15.979674 37.87019, 15.561838 39.548676, 18.542875 39.951534, 18.888477 38.274269, 15.979674 37.87019)), ((16.825293 40.488491, 16.348358 40.558235, 16.463913 41.009041, 16.938684 40.939968, 16.825293 40.488491)))"
219,1322085,S1A_IW_SLC__1SDV_20200410T164942_20200410T165009_032068_03B4AD_25EE,0.0,"MULTIPOLYGON (((14.840466 42.403122, 14.404942 44.0215, 17.603386 44.421738, 17.951933 42.803528, 14.840466 42.403122)), ((16.617479 38.06699, 16.16054 38.13744, 16.95857 41.264835, 17.435431 41.193905, 16.617479 38.06699)))"
220,1322085,S1A_IW_SLC__1SDV_20200410T164917_20200410T164944_032068_03B4AD_E15C,0.004438630071479673,"MULTIPOLYGON (((15.215002 40.910408, 14.790967 42.529598, 17.915638 42.931164, 18.258778 41.3125, 15.215002 40.910408)), ((16.617479 38.06699, 16.16054 38.13744, 16.95857 41.264835, 17.435431 41.193905, 16.617479 38.06699)))"
221,1322085,S1A_IW_SLC__1SDV_20200410T164853_20200410T164920_032068_03B4AD_1F05,0.14093006389235838,"MULTIPOLYGON (((15.596022 39.419216, 15.182599 41.039787, 18.232172 41.441746, 18.570444 39.822033, 15.596022 39.419216)), ((16.617479 38.06699, 16.16054 38.13744, 16.95857 41.264835, 17.435431 41.193905, 16.617479 38.06699)))"
222,1322085,S1A_IW_SLC__1SDV_20200410T164827_20200410T164855_032068_03B4AD_B23F,0.1327990946644141,"MULTIPOLYGON (((15.980447 37.869255, 15.562537 39.548138, 18.543137 39.950954, 18.888819 38.273293, 15.980447 37.869255)), ((16.617479 38.06699, 16.16054 38.13744, 16.95857 41.264835, 17.435431 41.193905, 16.617479 38.06699)))"
223,1347850,S1B_IW_SLC__1SDV_20200516T045421_20200516T045448_021602_029029_8FBA,0.0,"MULTIPOLYGON (((19.345591 42.118694, 16.269318 42.516911, 16.61726 44.134357, 19.778635 43.736359, 19.345591 42.118694)), ((16.835951 40.167217, 16.745531 40.631325, 17.235046 40.687294, 17.321369 40.223289, 16.835951 40.167217)))"
224,1367155,S1A_IW_SLC__1SDV_20200622T044805_20200622T044832_033125_03D659_EEA7,0.0,"MULTIPOLYGON (((20.285095 37.690372, 17.401667 38.092197, 17.736698 39.719421, 20.689037 39.31881, 20.285095 37.690372)), ((16.179159 37.923824, 15.12416 42.216351, 15.614739 42.282658, 16.639891 37.989941, 16.179159 37.923824)))"
225,1367155,S1A_IW_SLC__1SDV_20200622T044740_20200622T044807_033125_03D659_CDD2,0.0,"MULTIPOLYGON (((20.65432 39.182262, 17.708199 39.582928, 18.047586 41.209866, 21.067854 40.810108, 20.65432 39.182262)), ((16.179159 37.923824, 15.12416 42.216351, 15.614739 42.282658, 16.639891 37.989941, 16.179159 37.923824)))"
226,1367155,S1A_IW_SLC__1SDV_20200622T044714_20200622T044742_033125_03D659_2CC0,0.0,"MULTIPOLYGON (((21.033308 40.674007, 18.019354 41.073856, 18.37462 42.751549, 21.471022 42.352283, 21.033308 40.674007)), ((16.179159 37.923824, 15.12416 42.216351, 15.614739 42.282658, 16.639891 37.989941, 16.179159 37.923824)))"
227,1367155,S1A_IW_SLC__1SDV_20200622T044650_20200622T044717_033125_03D659_A5B0,0.0,"MULTIPOLYGON (((21.414898 42.225872, 18.334301 42.623489, 18.682531 44.242241, 21.848717 43.844841, 21.414898 42.225872)), ((16.179159 37.923824, 15.12416 42.216351, 15.614739 42.282658, 16.639891 37.989941, 16.179159 37.923824)))"
228,1384550,S1A_IW_SLC__1SDV_20200715T164947_20200715T165014_033468_03E0CE_16A0,0.006415343879401564,"MULTIPOLYGON (((14.840964 42.40247, 14.40552 44.020599, 17.603977 44.420849, 17.952465 42.802891, 14.840964 42.40247)), ((18.17354 42.439758, 17.6472 42.51833, 17.762472 42.975105, 18.268484 42.900055, 18.17354 42.439758)))"
229,1384550,S1A_IW_SLC__1SDV_20200715T164923_20200715T164950_033468_03E0CE_2770,0.021877469819974193,"MULTIPOLYGON (((15.215377 40.91013, 14.791448 42.528942, 17.916159 42.930527, 18.259216 41.312233, 15.215377 40.91013)), ((18.17354 42.439758, 17.6472 42.51833, 17.762472 42.975105, 18.268484 42.900055, 18.17354 42.439758)))"
230,1384550,S1A_IW_SLC__1SDV_20200715T164858_20200715T164925_033468_03E0CE_EAAC,0.0,"MULTIPOLYGON (((15.596327 39.419186, 15.183037 41.039261, 18.232662 41.441235, 18.570827 39.822021, 15.596327 39.419186)), ((18.17354 42.439758, 17.6472 42.51833, 17.762472 42.975105, 18.268484 42.900055, 18.17354 42.439758)))"
231,1384550,S1A_IW_SLC__1SDV_20200715T164832_20200715T164900_033468_03E0CE_9141,0.0,"MULTIPOLYGON (((15.9809 37.868614, 15.562875 39.547985, 18.543547 39.950817, 18.889328 38.272667, 15.9809 37.868614)), ((18.17354 42.439758, 17.6472 42.51833, 17.762472 42.975105, 18.268484 42.900055, 18.17354 42.439758)))"
232,1402781,S1B_IW_SLC__1SDV_20200804T163246_20200804T163313_022776_02B3A0_CBA9,0.0,"MULTIPOLYGON (((18.826681 42.796509, 18.385429 44.420849, 21.624025 44.823669, 21.975689 43.199368, 18.826681 42.796509)), ((16.556673 40.528831, 16.202707 40.56139, 16.27507 41.020672, 16.630999 40.988476, 16.556673 40.528831)))"
233,1481189,S1A_IW_SLC__1SDV_20200926T044810_20200926T044837_034525_040495_FA33,0.0,"MULTIPOLYGON (((20.28603 37.689438, 17.402515 38.091362, 17.737703 39.718941, 20.690149 39.318222, 20.28603 37.689438)), ((16.18557 37.932137, 15.130209 42.223396, 15.62085 42.289673, 16.646351 37.998238, 16.18557 37.932137)))"
234,1481189,S1A_IW_SLC__1SDV_20200926T044745_20200926T044812_034525_040495_63DE,0.0,"MULTIPOLYGON (((20.655392 39.181553, 17.709131 39.582329, 18.048679 41.20962100000001, 21.069109 40.80975, 20.655392 39.181553)), ((16.18557 37.932137, 15.130209 42.223396, 15.62085 42.289673, 16.646351 37.998238, 16.18557 37.932137)))"
235,1481189,S1A_IW_SLC__1SDV_20200926T044719_20200926T044747_034525_040495_D307,0.0,"MULTIPOLYGON (((21.034492 40.673405, 18.020313 41.073372, 18.375666 42.751049, 21.472303 42.351654, 21.034492 40.673405)), ((16.18557 37.932137, 15.130209 42.223396, 15.62085 42.289673, 16.646351 37.998238, 16.18557 37.932137)))"
236,1481189,S1A_IW_SLC__1SDV_20200926T044655_20200926T044722_034525_040495_EF97,0.0,"MULTIPOLYGON (((21.41617 42.225376, 18.335426 42.623104, 18.683691 44.241592, 21.850019 43.844074, 21.41617 42.225376)), ((16.18557 37.932137, 15.130209 42.223396, 15.62085 42.289673, 16.646351 37.998238, 16.18557 37.932137)))"
237,1505200,S1B_IW_SLC__1SDV_20201008T164106_20201008T164133_023724_02D155_3AEA,0.0,"MULTIPOLYGON (((16.731333 43.020748, 16.290546 44.638264, 19.520346 45.038204, 19.871515 43.420685, 16.731333 43.020748)), ((18.525551 39.574066, 18.059879 39.644608, 18.31554 40.640781, 18.787979 40.570034, 18.525551 39.574066)))"
238,1505200,S1B_IW_SLC__1SDV_20201008T164041_20201008T164108_023724_02D155_0CDA,0.0,"MULTIPOLYGON (((17.134716 41.532383, 16.706587 43.150875, 19.849466 43.550041, 20.194563 41.931946, 17.134716 41.532383)), ((18.525551 39.574066, 18.059879 39.644608, 18.31554 40.640781, 18.787979 40.570034, 18.525551 39.574066)))"
239,1505200,S1B_IW_SLC__1SDV_20201008T164015_20201008T164043_023724_02D155_59EE,0.04484817242015043,"MULTIPOLYGON (((17.519638 39.981838, 17.087555 41.659267, 20.159521 42.059834, 20.511696 40.383167, 17.519638 39.981838)), ((18.525551 39.574066, 18.059879 39.644608, 18.31554 40.640781, 18.787979 40.570034, 18.525551 39.574066)))"
240,1505200,S1B_IW_SLC__1SDV_20201008T163951_20201008T164018_023724_02D155_77DD,0.059825532470587514,"MULTIPOLYGON (((17.891483 38.489727, 17.484486 40.110142, 20.483404 40.511585, 20.818794 38.892231, 17.891483 38.489727)), ((18.525551 39.574066, 18.059879 39.644608, 18.31554 40.640781, 18.787979 40.570034, 18.525551 39.574066)))"
241,1601264,S1A_IW_SLC__1SDV_20201113T044810_20201113T044837_035225_041CF0_06D7,0.0,"MULTIPOLYGON (((20.28643 37.689774, 17.402802 38.09169, 17.738058 39.719631, 20.690649 39.31892, 20.28643 37.689774)), ((16.186741 37.904232, 15.222023 41.850826, 15.708766 41.916569, 16.6474 37.970085, 16.186741 37.904232)))"
242,1601264,S1A_IW_SLC__1SDV_20201113T044745_20201113T044812_035225_041CF0_B691,0.0,"MULTIPOLYGON (((20.655989 39.182625, 17.709568 39.583389, 18.048927 41.209808, 21.069496 40.809944, 20.655989 39.182625)), ((16.186741 37.904232, 15.222023 41.850826, 15.708766 41.916569, 16.6474 37.970085, 16.186741 37.904232)))"
243,1601264,S1A_IW_SLC__1SDV_20201113T044719_20201113T044747_035225_041CF0_DEDF,0.0,"MULTIPOLYGON (((21.034937 40.673851, 18.020611 41.073811, 18.375877 42.751106, 21.47266 42.351723, 21.034937 40.673851)), ((16.186741 37.904232, 15.222023 41.850826, 15.708766 41.916569, 16.6474 37.970085, 16.186741 37.904232)))"
244,1601264,S1A_IW_SLC__1SDV_20201113T044655_20201113T044722_035225_041CF0_98D1,0.0,"MULTIPOLYGON (((21.416523 42.225445, 18.335636 42.623165, 18.683945 44.24189000000001, 21.850445 43.844379, 21.416523 42.225445)), ((16.186741 37.904232, 15.222023 41.850826, 15.708766 41.916569, 16.6474 37.970085, 16.186741 37.904232)))"
245,1674112,S1B_IW_SLC__1SDV_20210106T044719_20210106T044746_025029_02FA9D_8494,0.0,"MULTIPOLYGON (((20.383505 38.080395, 17.493916 38.480766, 17.828903 40.100769, 20.788193 39.701508, 20.383505 38.080395)), ((16.828609 40.196884, 16.758076 40.599319, 17.15794 40.640137, 17.226219 40.237892, 16.828609 40.196884)))"
246,1674112,S1B_IW_SLC__1SDV_20210106T044655_20210106T044722_025029_02FA9D_E8C7,0.0,"MULTIPOLYGON (((20.755468 39.57196, 17.801956 39.971298, 18.141457 41.591011, 21.169983 41.192471, 20.755468 39.57196)), ((16.828609 40.196884, 16.758076 40.599319, 17.15794 40.640137, 17.226219 40.237892, 16.828609 40.196884)))"
247,1674112,S1B_IW_SLC__1SDV_20210106T044630_20210106T044657_025029_02FA9D_A70D,0.0,"MULTIPOLYGON (((21.134514 41.063667, 18.113085 41.462093, 18.457582 43.081005, 21.559738 42.683037, 21.134514 41.063667)), ((16.828609 40.196884, 16.758076 40.599319, 17.15794 40.640137, 17.226219 40.237892, 16.828609 40.196884)))"
248,1674112,S1B_IW_SLC__1SDV_20210106T044605_20210106T044632_025029_02FA9D_A174,0.0,"MULTIPOLYGON (((21.510134 42.55619, 18.421074 42.953011, 18.771025 44.571091, 21.946869 44.174377, 21.510134 42.55619)), ((16.828609 40.196884, 16.758076 40.599319, 17.15794 40.640137, 17.226219 40.237892, 16.828609 40.196884)))"
249,1674389,S1A_IW_SLC__1SDV_20210106T164145_20210106T164212_036020_043871_993E,0.0,"MULTIPOLYGON (((16.728788 43.020187, 16.287813 44.637924, 19.525362 45.038822, 19.876484 43.421078, 16.728788 43.020187)), ((16.807222 40.525696, 16.439735 40.564919, 16.512672 40.974018, 16.882826 40.934978, 16.807222 40.525696)))"
250,1674389,S1A_IW_SLC__1SDV_20210106T164121_20210106T164148_036020_043871_6E7E,0.0,"MULTIPOLYGON (((17.132036 41.531551, 16.703625 43.150639, 19.854177 43.550781, 20.199316 41.932091, 17.132036 41.531551)), ((16.807222 40.525696, 16.439735 40.564919, 16.512672 40.974018, 16.882826 40.934978, 16.807222 40.525696)))"
251,1674389,S1A_IW_SLC__1SDV_20210106T164056_20210106T164123_036020_043871_0272,0.0,"MULTIPOLYGON (((17.502386 40.038944, 17.084839 41.658688, 20.164263 42.06023, 20.504343 40.441219, 17.502386 40.038944)), ((16.807222 40.525696, 16.439735 40.564919, 16.512672 40.974018, 16.882826 40.934978, 16.807222 40.525696)))"
252,1674389,S1A_IW_SLC__1SDV_20210106T164030_20210106T164058_036020_043871_CE65,0.0,"MULTIPOLYGON (((17.88909 38.489079, 17.467148 40.167751, 20.476027 40.570137, 20.82349 38.892555, 17.88909 38.489079)), ((16.807222 40.525696, 16.439735 40.564919, 16.512672 40.974018, 16.882826 40.934978, 16.807222 40.525696)))"
253,1681855,S1B_IW_SLC__1SDV_20210112T164103_20210112T164130_025124_02FDBF_7434,0.0,"MULTIPOLYGON (((16.732838 43.020512, 16.292149 44.637894, 19.522141 45.037781, 19.873207 43.420391, 16.732838 43.020512)), ((18.520109 39.54266, 18.054621 39.613064, 18.330561 40.688896, 18.80337 40.618248, 18.520109 39.54266)))"
254,1681855,S1B_IW_SLC__1SDV_20210112T164039_20210112T164106_025124_02FDBF_5102,0.0,"MULTIPOLYGON (((17.13619 41.532028, 16.708059 43.150761, 19.851133 43.54987, 20.196211 41.931538, 17.13619 41.532028)), ((18.520109 39.54266, 18.054621 39.613064, 18.330561 40.688896, 18.80337 40.618248, 18.520109 39.54266)))"
255,1681855,S1B_IW_SLC__1SDV_20210112T164013_20210112T164041_025124_02FDBF_0BE9,0.049027120111333825,"MULTIPOLYGON (((17.520987 39.981735, 17.089058 41.658787, 20.161274 42.059311, 20.513298 40.383022, 17.520987 39.981735)), ((18.520109 39.54266, 18.054621 39.613064, 18.330561 40.688896, 18.80337 40.618248, 18.520109 39.54266)))"
256,1681855,S1B_IW_SLC__1SDV_20210112T163948_20210112T164015_025124_02FDBF_E00F,0.0625263758645869,"MULTIPOLYGON (((17.892727 38.489883, 17.485813 40.110168, 20.484991 40.511562, 20.820288 38.892342, 17.892727 38.489883)), ((18.520109 39.54266, 18.054621 39.613064, 18.330561 40.688896, 18.80337 40.618248, 18.520109 39.54266)))"
257,1699267,S1A_IW_SLC__1SDV_20210123T164948_20210123T165015_036268_04411C_404A,0.0,"MULTIPOLYGON (((14.840069 42.402763, 14.404517 44.020981, 17.603523 44.421318, 17.952074 42.803265, 14.840069 42.402763)), ((16.135759 37.699718, 15.68499 37.767941, 16.581869 41.386932, 17.056549 41.318207, 16.135759 37.699718)))"
258,1699267,S1A_IW_SLC__1SDV_20210123T164923_20210123T164950_036268_04411C_EDE8,0.01730046499155605,"MULTIPOLYGON (((15.214651 40.910084, 14.790556 42.529236, 17.915735 42.930893, 18.258907 41.31225999999999, 15.214651 40.910084)), ((16.135759 37.699718, 15.68499 37.767941, 16.581869 41.386932, 17.056549 41.318207, 16.135759 37.699718)))"
259,1699267,S1A_IW_SLC__1SDV_20210123T164859_20210123T164926_036268_04411C_A09E,0.14162750333241414,"MULTIPOLYGON (((15.595662 39.41917, 15.182276 41.039337, 18.232325 41.44138, 18.570549 39.822071, 15.595662 39.41917)), ((16.135759 37.699718, 15.68499 37.767941, 16.581869 41.386932, 17.056549 41.318207, 16.135759 37.699718)))"
260,1699267,S1A_IW_SLC__1SDV_20210123T164833_20210123T164901_036268_04411C_253D,0.12777150173134874,"MULTIPOLYGON (((15.980171 37.869122, 15.562203 39.547966, 18.543264 39.950863, 18.888979 38.273232, 15.980171 37.869122)), ((16.135759 37.699718, 15.68499 37.767941, 16.581869 41.386932, 17.056549 41.318207, 16.135759 37.699718)))"
261,1737306,S1A_IW_SLC__1SDV_20210223T164144_20210223T164211_036720_0450D3_D8B3,0.0,"MULTIPOLYGON (((16.728916 43.020531, 16.288031 44.638161, 19.52548 45.039001, 19.876528 43.421371, 16.728916 43.020531)), ((16.807693 40.507797, 16.441273 40.547146, 16.52103 40.995087, 16.890781 40.955811, 16.807693 40.507797)))"
262,1737306,S1A_IW_SLC__1SDV_20210223T164119_20210223T164146_036720_0450D3_401F,0.0,"MULTIPOLYGON (((17.132168 41.531769, 16.70381 43.150864, 19.854263 43.550953, 20.199356 41.932255, 17.132168 41.531769)), ((16.807693 40.507797, 16.441273 40.547146, 16.52103 40.995087, 16.890781 40.955811, 16.807693 40.507797)))"
263,1737306,S1A_IW_SLC__1SDV_20210223T164054_20210223T164121_036720_0450D3_4C07,0.0,"MULTIPOLYGON (((17.502439 40.039272, 17.085009 41.658779, 20.164333 42.060268, 20.504318 40.441494, 17.502439 40.039272)), ((16.807693 40.507797, 16.441273 40.547146, 16.52103 40.995087, 16.890781 40.955811, 16.807693 40.507797)))"
264,1737306,S1A_IW_SLC__1SDV_20210223T164029_20210223T164057_036720_0450D3_368D,0.0,"MULTIPOLYGON (((17.88908 38.489521, 17.46722 40.168083, 20.476051 40.570419, 20.823444 38.892956, 17.88908 38.489521)), ((16.807693 40.507797, 16.441273 40.547146, 16.52103 40.995087, 16.890781 40.955811, 16.807693 40.507797)))"
265,1741742,S1B_IW_SLC__1SDV_20210301T164102_20210301T164129_025824_031465_C779,0.0,"MULTIPOLYGON (((16.731861 43.020493, 16.291109 44.63800000000001, 19.521118 45.037941, 19.87225 43.420425, 16.731861 43.020493)), ((16.807209 40.496334, 16.321058 40.560757, 16.425591 41.009541, 16.910316 40.945858, 16.807209 40.496334)))"
266,1741742,S1B_IW_SLC__1SDV_20210301T164037_20210301T164104_025824_031465_1F25,0.0,"MULTIPOLYGON (((17.135307 41.531765, 16.707119 43.15062, 19.850203 43.549782, 20.195341 41.931328, 17.135307 41.531765)), ((16.807209 40.496334, 16.321058 40.560757, 16.425591 41.009541, 16.910316 40.945858, 16.807209 40.496334)))"
267,1741742,S1B_IW_SLC__1SDV_20210301T164011_20210301T164039_025824_031465_5079,0.0,"MULTIPOLYGON (((17.520092 39.981594, 17.088169 41.658524, 20.16032 42.05909, 20.512356 40.382927, 17.520092 39.981594)), ((16.807209 40.496334, 16.321058 40.560757, 16.425591 41.009541, 16.910316 40.945858, 16.807209 40.496334)))"
268,1741742,S1B_IW_SLC__1SDV_20210301T163947_20210301T164014_025824_031465_927A,0.0,"MULTIPOLYGON (((17.891918 38.489498, 17.484919 40.110027, 20.484047 40.511467, 20.819429 38.891998, 17.891918 38.489498)), ((16.807209 40.496334, 16.321058 40.560757, 16.425591 41.009541, 16.910316 40.945858, 16.807209 40.496334)))"
269,1756358,S1A_IW_SLC__1SDV_20210312T164947_20210312T165014_036968_045977_5739,0.0,"MULTIPOLYGON (((14.839822 42.403355, 14.404503 44.020969, 17.603371 44.421249, 17.951736 42.803802, 14.839822 42.403355)), ((16.60895 38.017868, 16.152269 38.088295, 16.98089 41.335899, 17.458269 41.26498, 16.60895 38.017868)))"
270,1756358,S1A_IW_SLC__1SDV_20210312T164923_20210312T164950_036968_045977_96F2,0.009621523000138748,"MULTIPOLYGON (((15.214386 40.910542, 14.790223 42.530201, 17.915365 42.931808, 18.258593 41.312672, 15.214386 40.910542)), ((16.60895 38.017868, 16.152269 38.088295, 16.98089 41.335899, 17.458269 41.26498, 16.60895 38.017868)))"
271,1756358,S1A_IW_SLC__1SDV_20210312T164858_20210312T164925_036968_045977_75A3,0.14507592898769178,"MULTIPOLYGON (((15.595404 39.419369, 15.182048 41.039673, 18.23204 41.441669, 18.570242 39.82222700000001, 15.595404 39.419369)), ((16.60895 38.017868, 16.152269 38.088295, 16.98089 41.335899, 17.458269 41.26498, 16.60895 38.017868)))"
272,1756358,S1A_IW_SLC__1SDV_20210312T164832_20210312T164900_036968_045977_60E5,0.13598209296137717,"MULTIPOLYGON (((15.980039 37.868568, 15.562012 39.54792, 18.543013 39.950775, 18.888779 38.272644, 15.980039 37.868568)), ((16.60895 38.017868, 16.152269 38.088295, 16.98089 41.335899, 17.458269 41.26498, 16.60895 38.017868)))"
273,1783378,S1B_IW_SLC__1SDV_20210401T163245_20210401T163312_026276_0322D0_FE06,0.0,"MULTIPOLYGON (((18.825747 42.796764, 18.384594 44.420464, 21.591564 44.819908, 21.94404 43.196213, 18.825747 42.796764)), ((16.922043 40.498444, 16.534073 40.535316, 16.607466 40.984928, 16.99612 40.948479, 16.922043 40.498444)))"
274,1790084,S1A_IW_SLC__1SDV_20210406T044807_20210406T044834_037325_0465CD_896F,0.0,"MULTIPOLYGON (((20.285557 37.690136, 17.40242 38.091961, 17.737555 39.719444, 20.689611 39.318825, 20.285557 37.690136)), ((15.4552 39.750832, 14.83198 42.204407, 15.31742 42.27121, 15.936187 39.819187, 15.4552 39.750832)))"
275,1790084,S1A_IW_SLC__1SDV_20210406T044742_20210406T044809_037325_0465CD_240E,0.0,"MULTIPOLYGON (((20.655012 39.182774, 17.709116 39.583443, 18.048429 41.209778, 21.068443 40.810009, 20.655012 39.182774)), ((15.4552 39.750832, 14.83198 42.204407, 15.31742 42.27121, 15.936187 39.819187, 15.4552 39.750832)))"
276,1790084,S1A_IW_SLC__1SDV_20210406T044716_20210406T044744_037325_0465CD_FC82,0.0,"MULTIPOLYGON (((21.033957 40.674156, 18.020168 41.07402, 18.375359 42.751106, 21.471565 42.351822, 21.033957 40.674156)), ((15.4552 39.750832, 14.83198 42.204407, 15.31742 42.27121, 15.936187 39.819187, 15.4552 39.750832)))"
277,1790084,S1A_IW_SLC__1SDV_20210406T044651_20210406T044718_037325_0465CD_3760,0.0,"MULTIPOLYGON (((21.415482 42.225658, 18.335154 42.623283, 18.683386 44.241798, 21.849289 43.844387, 21.415482 42.225658)), ((15.4552 39.750832, 14.83198 42.204407, 15.31742 42.27121, 15.936187 39.819187, 15.4552 39.750832)))"
278,1798736,S1A_IW_SLC__1SDV_20210412T164145_20210412T164212_037420_04691E_6A5B,0.0,"MULTIPOLYGON (((16.730038 43.019981, 16.28919 44.637768, 19.526093 45.038502, 19.877121 43.420715, 16.730038 43.019981)), ((16.785452 40.507759, 16.417894 40.547031, 16.498438 40.994297, 16.868317 40.955254, 16.785452 40.507759)))"
279,1798736,S1A_IW_SLC__1SDV_20210412T164120_20210412T164147_037420_04691E_F3B9,0.0,"MULTIPOLYGON (((17.133108 41.531425, 16.704882 43.150311, 19.85483 43.550297, 20.199827 41.931812, 17.133108 41.531425)), ((16.785452 40.507759, 16.417894 40.547031, 16.498438 40.994297, 16.868317 40.955254, 16.785452 40.507759)))"
280,1798736,S1A_IW_SLC__1SDV_20210412T164055_20210412T164122_037420_04691E_2E80,0.0,"MULTIPOLYGON (((17.503391 40.038651, 17.085926 41.658562, 20.164782 42.059956, 20.504807 40.440781, 17.503391 40.038651)), ((16.785452 40.507759, 16.417894 40.547031, 16.498438 40.994297, 16.868317 40.955254, 16.785452 40.507759)))"
281,1798736,S1A_IW_SLC__1SDV_20210412T164029_20210412T164057_037420_04691E_F0B1,0.0,"MULTIPOLYGON (((17.88995 38.488865, 17.468151 40.167461, 20.476528 40.569706, 20.823881 38.892208, 17.88995 38.488865)), ((16.785452 40.507759, 16.417894 40.547031, 16.498438 40.994297, 16.868317 40.955254, 16.785452 40.507759)))"
282,1813379,S1B_IW_SLC__1SDV_20210418T164103_20210418T164130_026524_032AD1_7033,0.0,"MULTIPOLYGON (((16.732803 43.019962, 16.29203 44.637623, 19.521456 45.037506, 19.872629 43.419846, 16.732803 43.019962)), ((18.51083 39.548492, 18.045309 39.6189, 18.32127 40.693752, 18.794121 40.623112, 18.51083 39.548492)))"
283,1813379,S1B_IW_SLC__1SDV_20210418T164038_20210418T164105_026524_032AD1_6864,0.0,"MULTIPOLYGON (((17.136126 41.531578, 16.707977 43.150337, 19.850519 43.54945, 20.195646 41.931087, 17.136126 41.531578)), ((18.51083 39.548492, 18.045309 39.6189, 18.32127 40.693752, 18.794121 40.623112, 18.51083 39.548492)))"
284,1813379,S1B_IW_SLC__1SDV_20210418T164013_20210418T164041_026524_032AD1_96D6,0.049685233749554185,"MULTIPOLYGON (((17.520975 39.981007, 17.088869 41.658703, 20.160532 42.059223, 20.512739 40.382294, 17.520975 39.981007)), ((18.51083 39.548492, 18.045309 39.6189, 18.32127 40.693752, 18.794121 40.623112, 18.51083 39.548492)))"
285,1813379,S1B_IW_SLC__1SDV_20210418T163948_20210418T164015_026524_032AD1_B57A,0.061733340170480606,"MULTIPOLYGON (((17.892778 38.489006, 17.485817 40.10944, 20.484512 40.510845, 20.819881 38.891476, 17.892778 38.489006)), ((18.51083 39.548492, 18.045309 39.6189, 18.32127 40.693752, 18.794121 40.623112, 18.51083 39.548492)))"
286,1839011,S1A_IW_SLC__1SDV_20210429T164949_20210429T165016_037668_0471B3_4C1C,0.0,"MULTIPOLYGON (((14.842302 42.402493, 14.406891 44.02063, 17.605309 44.420834, 17.95376 42.802864, 14.842302 42.402493)), ((16.835632 40.488029, 16.359819 40.557549, 16.474031 41.006451, 16.948292 40.937603, 16.835632 40.488029)))"
287,1839011,S1A_IW_SLC__1SDV_20210429T164924_20210429T164951_037668_0471B3_9B8D,0.0,"MULTIPOLYGON (((15.216687 40.910145, 14.792658 42.529461, 17.917355 42.930996, 18.260485 41.312202, 15.216687 40.910145)), ((16.835632 40.488029, 16.359819 40.557549, 16.474031 41.006451, 16.948292 40.937603, 16.835632 40.488029)))"
288,1839011,S1A_IW_SLC__1SDV_20210429T164859_20210429T164926_037668_0471B3_0F5C,0.04399363542422038,"MULTIPOLYGON (((15.59761 39.419193, 15.184381 41.039154, 18.233957 41.441078, 18.572065 39.821983, 15.59761 39.419193)), ((16.835632 40.488029, 16.359819 40.557549, 16.474031 41.006451, 16.948292 40.937603, 16.835632 40.488029)))"
289,1839011,S1A_IW_SLC__1SDV_20210429T164833_20210429T164901_037668_0471B3_E9E9,0.0,"MULTIPOLYGON (((15.981945 37.869476, 15.564223 39.547749, 18.544876 39.950535, 18.890396 38.273487, 15.981945 37.869476)), ((16.835632 40.488029, 16.359819 40.557549, 16.474031 41.006451, 16.948292 40.937603, 16.835632 40.488029)))"
