,CSK,SEN
0,1258530,S1A_IW_SLC__1SDV_20191203T171317_20191203T171344_030187_03732D_0400
1,1258530,S1A_IW_SLC__1SDV_20191203T171252_20191203T171319_030187_03732D_2C8B
2,1258530,S1A_IW_SLC__1SDV_20191203T171227_20191203T171254_030187_03732D_10AF
3,1269638,S1B_IW_SLC__1SDV_20200104T165554_20200104T165621_019670_0252D8_AA79
4,1269638,S1B_IW_SLC__1SDV_20200104T165529_20200104T165556_019670_0252D8_705E
5,1274550,S1A_IW_SLC__1SDV_20200120T171315_20200120T171342_030887_038B77_2A76
6,1274550,S1A_IW_SLC__1SDV_20200120T171250_20200120T171317_030887_038B77_FA37
7,1274550,S1A_IW_SLC__1SDV_20200120T171226_20200120T171252_030887_038B77_9900
8,1290116,S1B_IW_SLC__1SDV_20200221T165553_20200221T165620_020370_026955_1F42
9,1290116,S1B_IW_SLC__1SDV_20200221T165528_20200221T165555_020370_026955_98A7
10,1293433,S1B_IW_SLC__1SDV_20200226T170358_20200226T170424_020443_026BB9_8795
11,1293433,S1B_IW_SLC__1SDV_20200226T170334_20200226T170401_020443_026BB9_DA40
12,1319682,S1B_IW_SLC__1SDV_20200409T165553_20200409T165620_021070_027F8A_A198
13,1319682,S1B_IW_SLC__1SDV_20200409T165528_20200409T165555_021070_027F8A_47FC
14,1324627,S1B_IW_SLC__1SDV_20200414T170400_20200414T170425_021143_0281E4_4F25
15,1324627,S1B_IW_SLC__1SDV_20200414T170335_20200414T170402_021143_0281E4_B860
16,1353680,S1B_IW_SLC__1SDV_20200527T165556_20200527T165623_021770_02951D_6156
17,1353680,S1B_IW_SLC__1SDV_20200527T165531_20200527T165558_021770_02951D_1277
18,1357156,S1B_IW_SLC__1SDV_20200601T170402_20200601T170427_021843_029752_78B8
19,1357156,S1B_IW_SLC__1SDV_20200601T170337_20200601T170404_021843_029752_981C
20,1361980,S1A_IW_SLC__1SDV_20200612T171318_20200612T171345_032987_03D225_B68F
21,1361980,S1A_IW_SLC__1SDV_20200612T171254_20200612T171321_032987_03D225_62DB
22,1361980,S1A_IW_SLC__1SDV_20200612T171229_20200612T171256_032987_03D225_B1E7
23,1388973,S1B_IW_SLC__1SDV_20200719T170405_20200719T170430_022543_02AC8C_5E57
24,1388973,S1B_IW_SLC__1SDV_20200719T170340_20200719T170407_022543_02AC8C_F637
25,1399571,S1A_IW_SLC__1SDV_20200730T171321_20200730T171348_033687_03E77E_1D22
26,1399571,S1A_IW_SLC__1SDV_20200730T171256_20200730T171323_033687_03E77E_5D86
27,1399571,S1A_IW_SLC__1SDV_20200730T171232_20200730T171259_033687_03E77E_A89C
28,1457260,S1A_IW_SLC__1SDV_20200916T171324_20200916T171351_034387_03FFB9_E155
29,1457260,S1A_IW_SLC__1SDV_20200916T171259_20200916T171326_034387_03FFB9_8735
30,1457260,S1A_IW_SLC__1SDV_20200916T171234_20200916T171301_034387_03FFB9_5360
31,1534465,S1B_IW_SLC__1SDV_20201018T165602_20201018T165629_023870_02D5C8_DADA
32,1534465,S1B_IW_SLC__1SDV_20201018T165537_20201018T165604_023870_02D5C8_E95D
33,1545679,S1B_IW_SLC__1SDV_20201023T170408_20201023T170433_023943_02D81C_3AE1
34,1545679,S1B_IW_SLC__1SDV_20201023T170343_20201023T170410_023943_02D81C_FF3C
35,1574238,S1A_IW_SLC__1SDV_20201103T171324_20201103T171351_035087_041825_5C8A
36,1574238,S1A_IW_SLC__1SDV_20201103T171259_20201103T171326_035087_041825_360D
37,1574238,S1A_IW_SLC__1SDV_20201103T171234_20201103T171301_035087_041825_C459
38,1642522,S1B_IW_SLC__1SDV_20201205T165601_20201205T165628_024570_02EBC6_A275
39,1642522,S1B_IW_SLC__1SDV_20201205T165537_20201205T165604_024570_02EBC6_AED8
40,1648226,S1B_IW_SLC__1SDV_20201210T170407_20201210T170432_024643_02EE32_5F2C
41,1648226,S1B_IW_SLC__1SDV_20201210T170342_20201210T170409_024643_02EE32_B2A1
42,1660542,S1A_IW_SLC__1SDV_20201221T171323_20201221T171349_035787_04305B_F995
43,1660542,S1A_IW_SLC__1SDV_20201221T171258_20201221T171325_035787_04305B_3E0A
44,1660542,S1A_IW_SLC__1SDV_20201221T171233_20201221T171300_035787_04305B_8EB5
45,1697519,S1B_IW_SLC__1SDV_20210122T165559_20210122T165626_025270_030252_2020
46,1697519,S1B_IW_SLC__1SDV_20210122T165534_20210122T165601_025270_030252_F279
47,1754852,S1B_IW_SLC__1SDV_20210311T165558_20210311T165625_025970_03190A_9217
48,1754852,S1B_IW_SLC__1SDV_20210311T165534_20210311T165601_025970_03190A_840D
49,1762255,S1B_IW_SLC__1SDV_20210316T170404_20210316T170431_026043_031B74_81C7
50,1762255,S1B_IW_SLC__1SDV_20210316T170340_20210316T170407_026043_031B74_2482
51,1277746,S1B_IW_SLC__1SDV_20200128T165553_20200128T165620_020020_025E09_3A93
52,1277746,S1B_IW_SLC__1SDV_20200128T165528_20200128T165555_020020_025E09_01C7
53,1285544,S1A_IW_SLC__1SDV_20200213T171314_20200213T171341_031237_0397A3_03D5
54,1285544,S1A_IW_SLC__1SDV_20200213T171250_20200213T171317_031237_0397A3_63F1
55,1285544,S1A_IW_SLC__1SDV_20200213T171225_20200213T171252_031237_0397A3_D413
56,1306303,S1B_IW_SLC__1SDV_20200316T165553_20200316T165620_020720_02747B_C196
57,1306303,S1B_IW_SLC__1SDV_20200316T165528_20200316T165555_020720_02747B_D918
58,1314608,S1A_IW_SLC__1SDV_20200401T171315_20200401T171342_031937_03B004_A529
59,1314608,S1A_IW_SLC__1SDV_20200401T171250_20200401T171317_031937_03B004_7528
60,1314608,S1A_IW_SLC__1SDV_20200401T171225_20200401T171252_031937_03B004_B6D1
61,1365233,S1B_IW_SLC__1SDV_20200620T165557_20200620T165624_022120_029FAC_BD94
62,1365233,S1B_IW_SLC__1SDV_20200620T165532_20200620T165559_022120_029FAC_195B
63,1377380,S1A_IW_SLC__1SDV_20200706T171320_20200706T171347_033337_03DCC6_7426
64,1377380,S1A_IW_SLC__1SDV_20200706T171255_20200706T171322_033337_03DCC6_FC45
65,1377380,S1A_IW_SLC__1SDV_20200706T171230_20200706T171257_033337_03DCC6_E6FF
66,1404123,S1B_IW_SLC__1SDV_20200807T165600_20200807T165627_022820_02B501_C39F
67,1404123,S1B_IW_SLC__1SDV_20200807T165535_20200807T165602_022820_02B501_2B77
68,1418705,S1A_IW_SLC__1SDV_20200823T171323_20200823T171350_034037_03F36B_BD3F
69,1418705,S1A_IW_SLC__1SDV_20200823T171258_20200823T171325_034037_03F36B_5D18
70,1418705,S1A_IW_SLC__1SDV_20200823T171233_20200823T171300_034037_03F36B_5F93
71,1476444,S1B_IW_SLC__1SDV_20200924T165602_20200924T165629_023520_02CAE2_FB0A
72,1476444,S1B_IW_SLC__1SDV_20200924T165537_20200924T165604_023520_02CAE2_CA42
73,1509244,S1A_IW_SLC__1SDV_20201010T171324_20201010T171351_034737_040C09_0EF7
74,1509244,S1A_IW_SLC__1SDV_20201010T171259_20201010T171326_034737_040C09_5356
75,1509244,S1A_IW_SLC__1SDV_20201010T171235_20201010T171302_034737_040C09_0DBD
76,1595491,S1B_IW_SLC__1SDV_20201111T165602_20201111T165629_024220_02E0AD_FAD8
77,1595491,S1B_IW_SLC__1SDV_20201111T165537_20201111T165604_024220_02E0AD_4E48
78,1672570,S1B_IW_SLC__1SDV_20210103T170406_20210103T170431_024993_02F97B_7FDA
79,1672570,S1B_IW_SLC__1SDV_20210103T170341_20210103T170408_024993_02F97B_C828
80,1685049,S1A_IW_SLC__1SDV_20210114T171321_20210114T171348_036137_043C99_8A7E
81,1685049,S1A_IW_SLC__1SDV_20210114T171257_20210114T171323_036137_043C99_1F8D
82,1685049,S1A_IW_SLC__1SDV_20210114T171232_20210114T171259_036137_043C99_B8AA
83,1729295,S1B_IW_SLC__1SDV_20210215T165558_20210215T165625_025620_030DA6_C242
84,1729295,S1B_IW_SLC__1SDV_20210215T165534_20210215T165601_025620_030DA6_5AD8
85,1787117,S1B_IW_SLC__1SDV_20210404T165559_20210404T165626_026320_032437_16C7
86,1787117,S1B_IW_SLC__1SDV_20210404T165534_20210404T165601_026320_032437_8359
87,1794761,S1B_IW_SLC__1SDV_20210409T170405_20210409T170432_026393_03268C_8FEA
88,1794761,S1B_IW_SLC__1SDV_20210409T170340_20210409T170407_026393_03268C_D86B
89,1817291,S1A_IW_SLC__1SDV_20210420T171321_20210420T171348_037537_046D28_AE10
90,1817291,S1A_IW_SLC__1SDV_20210420T171257_20210420T171324_037537_046D28_4B3B
91,1817291,S1A_IW_SLC__1SDV_20210420T171232_20210420T171259_037537_046D28_C41A
92,1292320,S1A_IW_SLC__1SDV_20200225T171314_20200225T171341_031412_039DAF_388C
93,1292320,S1A_IW_SLC__1SDV_20200225T171249_20200225T171316_031412_039DAF_3A06
94,1292320,S1A_IW_SLC__1SDV_20200225T171225_20200225T171251_031412_039DAF_862F
95,1313024,S1B_IW_SLC__1SDV_20200328T165553_20200328T165620_020895_0279FF_52C1
96,1313024,S1B_IW_SLC__1SDV_20200328T165528_20200328T165555_020895_0279FF_5725
97,1345025,S1B_IW_SLC__1SDV_20200515T165555_20200515T165622_021595_028FF1_CE49
98,1345025,S1B_IW_SLC__1SDV_20200515T165530_20200515T165557_021595_028FF1_B171
99,1356523,S1A_IW_SLC__1SDV_20200531T171318_20200531T171345_032812_03CCF9_DE84
100,1356523,S1A_IW_SLC__1SDV_20200531T171253_20200531T171320_032812_03CCF9_AC01
101,1356523,S1A_IW_SLC__1SDV_20200531T171228_20200531T171255_032812_03CCF9_AA26
102,1388971,S1A_IW_SLC__1SDV_20200718T171320_20200718T171347_033512_03E220_D2DA
103,1388971,S1A_IW_SLC__1SDV_20200718T171256_20200718T171323_033512_03E220_ACC1
104,1388971,S1A_IW_SLC__1SDV_20200718T171231_20200718T171258_033512_03E220_7E99
105,1415646,S1B_IW_SLC__1SDV_20200819T165600_20200819T165627_022995_02BA6F_BD89
106,1415646,S1B_IW_SLC__1SDV_20200819T165536_20200819T165602_022995_02BA6F_BEB6
107,1501083,S1B_IW_SLC__1SDV_20201006T165602_20201006T165629_023695_02D064_9DC6
108,1501083,S1B_IW_SLC__1SDV_20201006T165537_20201006T165604_023695_02D064_97ED
109,1265338,S1A_IW_SLC__1SDV_20191215T171317_20191215T171344_030362_037938_960D
110,1265338,S1A_IW_SLC__1SDV_20191215T171252_20191215T171319_030362_037938_FF3F
111,1265338,S1A_IW_SLC__1SDV_20191215T171227_20191215T171254_030362_037938_DA04
112,1279377,S1A_IW_SLC__1SDV_20200201T171315_20200201T171342_031062_039191_341A
113,1279377,S1A_IW_SLC__1SDV_20200201T171250_20200201T171317_031062_039191_BA68
114,1279377,S1A_IW_SLC__1SDV_20200201T171225_20200201T171252_031062_039191_2258
115,1297203,S1B_IW_SLC__1SDV_20200304T165552_20200304T165619_020545_026EEC_E01D
116,1297203,S1B_IW_SLC__1SDV_20200304T165528_20200304T165555_020545_026EEC_D998
117,1328748,S1B_IW_SLC__1SDV_20200421T165554_20200421T165621_021245_028510_8B56
118,1328748,S1B_IW_SLC__1SDV_20200421T165529_20200421T165556_021245_028510_40EE
119,1338915,S1A_IW_SLC__1SDV_20200507T171316_20200507T171343_032462_03C261_BDF5
120,1338915,S1A_IW_SLC__1SDV_20200507T171251_20200507T171318_032462_03C261_692D
121,1338915,S1A_IW_SLC__1SDV_20200507T171226_20200507T171253_032462_03C261_3792
122,1360337,S1B_IW_SLC__1SDV_20200608T165556_20200608T165623_021945_029A5B_F53A
123,1360337,S1B_IW_SLC__1SDV_20200608T165532_20200608T165559_021945_029A5B_BDF5
124,1369617,S1A_IW_SLC__1SDV_20200624T171319_20200624T171346_033162_03D77A_87E0
125,1369617,S1A_IW_SLC__1SDV_20200624T171254_20200624T171321_033162_03D77A_E4AF
126,1369617,S1A_IW_SLC__1SDV_20200624T171229_20200624T171256_033162_03D77A_6245
127,1409651,S1A_IW_SLC__1SDV_20200811T171257_20200811T171324_033862_03ED41_E61C
128,1409651,S1A_IW_SLC__1SDV_20200811T171232_20200811T171259_033862_03ED41_364F
129,1448853,S1B_IW_SLC__1SDV_20200912T165602_20200912T165629_023345_02C567_71F2
130,1448853,S1B_IW_SLC__1SDV_20200912T165537_20200912T165604_023345_02C567_8CF2
131,1606208,S1A_IW_SLC__1SDV_20201115T171259_20201115T171326_035262_041E3F_A829
132,1606208,S1A_IW_SLC__1SDV_20201115T171234_20201115T171301_035262_041E3F_FB1F
133,1655589,S1B_IW_SLC__1SDV_20201217T165601_20201217T165628_024745_02F172_1E9A
134,1655589,S1B_IW_SLC__1SDV_20201217T165536_20201217T165603_024745_02F172_2A3F
135,1733815,S1A_IW_SLC__1SDV_20210219T171255_20210219T171322_036662_044ED8_6FAD
136,1733815,S1A_IW_SLC__1SDV_20210219T171231_20210219T171258_036662_044ED8_8F79
137,1772282,S1B_IW_SLC__1SDV_20210323T165559_20210323T165626_026145_031EAC_1046
138,1772282,S1B_IW_SLC__1SDV_20210323T165534_20210323T165601_026145_031EAC_2ADF
